<?xml version="1.0" encoding="UTF-8"?>
<ROW>
    <cust_name>哈尔滨天资商贸有限公司</cust_name>
    <CUST_TAX_CODE>9123010357805761XW</CUST_TAX_CODE>
    <ACCOUNT_BANK></ACCOUNT_BANK>
    <BANK_ACCOUNT></BANK_ACCOUNT>
    <CUST_SCALE>一般纳税人</CUST_SCALE>
    <INDUSTRY_NAME>其他行业</INDUSTRY_NAME>
    <CONTACT>李安邦</CONTACT>
    <TEL>045158956008</TEL>
    <MOBILE></MOBILE>
    <TAX_AUTHORITY_CODE>123010000</TAX_AUTHORITY_CODE>
    <TAX_AUTHORITY_NAME>黑龙江省哈尔滨市国家税务局</TAX_AUTHORITY_NAME>
    <CHARGE_END_DATE>2017-12-31T00:00:00</CHARGE_END_DATE>
    <EMAIL></EMAIL>
    <BUSINESS_SCOPE></BUSINESS_SCOPE>
    <LEGAL_PERSON>郭文友</LEGAL_PERSON>
    <REGISTERED_FUND>0</REGISTERED_FUND>
    <REGISTER_DATE>2011-09-29T00:00:00</REGISTER_DATE>
    <UPDATE_DATE>2018-03-19T00:00:00</UPDATE_DATE>
    <BILLING_MACHINE_NO>0</BILLING_MACHINE_NO>
    <SUBSTATION_ID>1611</SUBSTATION_ID>
    <ENTERPRICE_TYPE_NAME>有限责任公司</ENTERPRICE_TYPE_NAME>
    <ENTERPRISE_SCALE>0</ENTERPRISE_SCALE>
    <ADDR>哈尔滨市南岗区鞍山街120号</ADDR>
    <BRANCH_OFFICE>哈尔滨市南岗区国家税务局</BRANCH_OFFICE>
</ROW>
<ROW>
    <cust_name>牡丹江融茂达电梯销售有限公司</cust_name>
    <CUST_TAX_CODE>912310005561029180</CUST_TAX_CODE>
    <ACCOUNT_BANK></ACCOUNT_BANK>
    <BANK_ACCOUNT></BANK_ACCOUNT>
    <CUST_SCALE>一般纳税人</CUST_SCALE>
    <INDUSTRY_NAME>批发和零售业</INDUSTRY_NAME>
    <CONTACT>刘伟</CONTACT>
    <TEL>6257789</TEL>
    <MOBILE>15945316458</MOBILE>
    <TAX_AUTHORITY_CODE>123100000</TAX_AUTHORITY_CODE>
    <TAX_AUTHORITY_NAME>黑龙江省牡丹江市国家税务局</TAX_AUTHORITY_NAME>
    <CHARGE_END_DATE>2018-09-26T00:00:00</CHARGE_END_DATE>
    <EMAIL></EMAIL>
    <BUSINESS_SCOPE></BUSINESS_SCOPE>
    <LEGAL_PERSON>王道亮</LEGAL_PERSON>
    <REGISTERED_FUND>500000</REGISTERED_FUND>
    <REGISTER_DATE>2011-09-26T00:00:00</REGISTER_DATE>
    <UPDATE_DATE>2018-03-20T00:00:00</UPDATE_DATE>
    <BILLING_MACHINE_NO>0</BILLING_MACHINE_NO>
    <SUBSTATION_ID>1758</SUBSTATION_ID>
    <ENTERPRICE_TYPE_NAME></ENTERPRICE_TYPE_NAME>
    <ENTERPRISE_SCALE>0</ENTERPRISE_SCALE>
    <ADDR>黑龙江省牡丹江市西安区华隆城市花园1号门市</ADDR>
    <BRANCH_OFFICE>牡丹江市西安区国家税务局</BRANCH_OFFICE>
</ROW>
<ROW>
    <cust_name>大庆市安吉兴经贸有限公司</cust_name>
    <CUST_TAX_CODE>912306045742264717</CUST_TAX_CODE>
    <ACCOUNT_BANK></ACCOUNT_BANK>
    <BANK_ACCOUNT></BANK_ACCOUNT>
    <CUST_SCALE>一般纳税人</CUST_SCALE>
    <INDUSTRY_NAME>批发和零售业</INDUSTRY_NAME>
    <CONTACT>于岩</CONTACT>
    <TEL>0459-527001</TEL>
    <MOBILE>013766794521</MOBILE>
    <TAX_AUTHORITY_CODE>123060400</TAX_AUTHORITY_CODE>
    <TAX_AUTHORITY_NAME>大庆市国家税务局让胡路分局</TAX_AUTHORITY_NAME>
    <CHARGE_END_DATE>2018-09-27T00:00:00</CHARGE_END_DATE>
    <EMAIL></EMAIL>
    <BUSINESS_SCOPE></BUSINESS_SCOPE>
    <LEGAL_PERSON>刘长海</LEGAL_PERSON>
    <REGISTERED_FUND>1000000</REGISTERED_FUND>
    <REGISTER_DATE>2011-09-27T00:00:00</REGISTER_DATE>
    <UPDATE_DATE>2018-01-08T21:31:03</UPDATE_DATE>
    <BILLING_MACHINE_NO>0</BILLING_MACHINE_NO>
    <SUBSTATION_ID>1700</SUBSTATION_ID>
    <ENTERPRICE_TYPE_NAME>有限责任公司</ENTERPRICE_TYPE_NAME>
    <ENTERPRISE_SCALE>3</ENTERPRISE_SCALE>
    <ADDR>黑龙江省大庆市让胡路区阳光嘉城</ADDR>
    <BRANCH_OFFICE>大庆市国家税务局让胡路分局</BRANCH_OFFICE>
</ROW>
<ROW>
    <cust_name>大庆市安吉兴经贸有限公司</cust_name>
    <CUST_TAX_CODE>912306045742264717</CUST_TAX_CODE>
    <ACCOUNT_BANK></ACCOUNT_BANK>
    <BANK_ACCOUNT></BANK_ACCOUNT>
    <CUST_SCALE>一般纳税人</CUST_SCALE>
    <INDUSTRY_NAME>批发和零售业</INDUSTRY_NAME>
    <CONTACT>于岩</CONTACT>
    <TEL>0459-527001</TEL>
    <MOBILE>013766794521</MOBILE>
    <TAX_AUTHORITY_CODE>123060400</TAX_AUTHORITY_CODE>
    <TAX_AUTHORITY_NAME>大庆市国家税务局让胡路分局</TAX_AUTHORITY_NAME>
    <CHARGE_END_DATE>2016-09-28T00:00:00</CHARGE_END_DATE>
    <EMAIL></EMAIL>
    <BUSINESS_SCOPE></BUSINESS_SCOPE>
    <LEGAL_PERSON>刘长海</LEGAL_PERSON>
    <REGISTERED_FUND>1000000</REGISTERED_FUND>
    <REGISTER_DATE>2011-09-27T00:00:00</REGISTER_DATE>
    <UPDATE_DATE>2018-01-08T21:31:03</UPDATE_DATE>
    <BILLING_MACHINE_NO>0</BILLING_MACHINE_NO>
    <SUBSTATION_ID>1700</SUBSTATION_ID>
    <ENTERPRICE_TYPE_NAME>有限责任公司</ENTERPRICE_TYPE_NAME>
    <ENTERPRISE_SCALE>3</ENTERPRISE_SCALE>
    <ADDR>黑龙江省大庆市让胡路区阳光嘉城</ADDR>
    <BRANCH_OFFICE>大庆市国家税务局让胡路分局</BRANCH_OFFICE>
</ROW>
<ROW>
    <cust_name>哈尔滨市广爱商贸有限公司</cust_name>
    <CUST_TAX_CODE>91230104690717067B</CUST_TAX_CODE>
    <ACCOUNT_BANK></ACCOUNT_BANK>
    <BANK_ACCOUNT></BANK_ACCOUNT>
    <CUST_SCALE>一般纳税人</CUST_SCALE>
    <INDUSTRY_NAME>其他行业</INDUSTRY_NAME>
    <CONTACT>刘亦慧</CONTACT>
    <TEL>0451-87808699</TEL>
    <MOBILE>13946149609</MOBILE>
    <TAX_AUTHORITY_CODE>123010000</TAX_AUTHORITY_CODE>
    <TAX_AUTHORITY_NAME>黑龙江省哈尔滨市国家税务局</TAX_AUTHORITY_NAME>
    <CHARGE_END_DATE>2018-12-31T00:00:00</CHARGE_END_DATE>
    <EMAIL></EMAIL>
    <BUSINESS_SCOPE></BUSINESS_SCOPE>
    <LEGAL_PERSON>刘升爱</LEGAL_PERSON>
    <REGISTERED_FUND>0</REGISTERED_FUND>
    <REGISTER_DATE>2011-09-21T00:00:00</REGISTER_DATE>
    <UPDATE_DATE>2016-07-06T09:01:04</UPDATE_DATE>
    <BILLING_MACHINE_NO>0</BILLING_MACHINE_NO>
    <SUBSTATION_ID>1612</SUBSTATION_ID>
    <ENTERPRICE_TYPE_NAME>有限责任公司</ENTERPRICE_TYPE_NAME>
    <ENTERPRISE_SCALE>0</ENTERPRISE_SCALE>
    <ADDR>黑龙江省哈尔滨市道外区北五道街28号</ADDR>
    <BRANCH_OFFICE>哈尔滨市道外区国家税务局</BRANCH_OFFICE>
</ROW>
<ROW>
    <cust_name>哈尔滨市广爱商贸有限公司</cust_name>
    <CUST_TAX_CODE>91230104690717067B</CUST_TAX_CODE>
    <ACCOUNT_BANK></ACCOUNT_BANK>
    <BANK_ACCOUNT></BANK_ACCOUNT>
    <CUST_SCALE>一般纳税人</CUST_SCALE>
    <INDUSTRY_NAME>其他行业</INDUSTRY_NAME>
    <CONTACT>刘亦慧</CONTACT>
    <TEL>0451-87808699</TEL>
    <MOBILE>13946149609</MOBILE>
    <TAX_AUTHORITY_CODE>123010000</TAX_AUTHORITY_CODE>
    <TAX_AUTHORITY_NAME>黑龙江省哈尔滨市国家税务局</TAX_AUTHORITY_NAME>
    <CHARGE_END_DATE>2017-09-30T00:00:00</CHARGE_END_DATE>
    <EMAIL></EMAIL>
    <BUSINESS_SCOPE></BUSINESS_SCOPE>
    <LEGAL_PERSON>刘升爱</LEGAL_PERSON>
    <REGISTERED_FUND>0</REGISTERED_FUND>
    <REGISTER_DATE>2011-09-21T00:00:00</REGISTER_DATE>
    <UPDATE_DATE>2016-07-06T09:01:04</UPDATE_DATE>
    <BILLING_MACHINE_NO>101</BILLING_MACHINE_NO>
    <SUBSTATION_ID>1612</SUBSTATION_ID>
    <ENTERPRICE_TYPE_NAME>有限责任公司</ENTERPRICE_TYPE_NAME>
    <ENTERPRISE_SCALE>0</ENTERPRISE_SCALE>
    <ADDR>黑龙江省哈尔滨市道外区北五道街28号</ADDR>
    <BRANCH_OFFICE>哈尔滨市道外区国家税务局</BRANCH_OFFICE>
</ROW>
<ROW>
    <cust_name>大庆市未病康复医疗器械有限公司</cust_name>
    <CUST_TAX_CODE>91230604556107102F</CUST_TAX_CODE>
    <ACCOUNT_BANK></ACCOUNT_BANK>
    <BANK_ACCOUNT></BANK_ACCOUNT>
    <CUST_SCALE>一般纳税人</CUST_SCALE>
    <INDUSTRY_NAME>批发和零售业</INDUSTRY_NAME>
    <CONTACT>宋福仁</CONTACT>
    <TEL>无</TEL>
    <MOBILE>13936836973</MOBILE>
    <TAX_AUTHORITY_CODE>123060400</TAX_AUTHORITY_CODE>
    <TAX_AUTHORITY_NAME>大庆市国家税务局让胡路分局</TAX_AUTHORITY_NAME>
    <CHARGE_END_DATE>2018-09-24T00:00:00</CHARGE_END_DATE>
    <EMAIL></EMAIL>
    <BUSINESS_SCOPE></BUSINESS_SCOPE>
    <LEGAL_PERSON></LEGAL_PERSON>
    <REGISTERED_FUND>0</REGISTERED_FUND>
    <REGISTER_DATE>2011-09-24T00:00:00</REGISTER_DATE>
    <UPDATE_DATE>2016-06-07T00:00:00</UPDATE_DATE>
    <BILLING_MACHINE_NO>0</BILLING_MACHINE_NO>
    <SUBSTATION_ID>1700</SUBSTATION_ID>
    <ENTERPRICE_TYPE_NAME>有限责任公司</ENTERPRICE_TYPE_NAME>
    <ENTERPRISE_SCALE>0</ENTERPRISE_SCALE>
    <ADDR>黑龙江省大庆市让胡路区阳光嘉城C区</ADDR>
    <BRANCH_OFFICE>大庆市国家税务局让胡路分局</BRANCH_OFFICE>
</ROW>
<ROW>
    <cust_name>大庆市未病康复医疗器械有限公司</cust_name>
    <CUST_TAX_CODE>91230604556107102F</CUST_TAX_CODE>
    <ACCOUNT_BANK></ACCOUNT_BANK>
    <BANK_ACCOUNT></BANK_ACCOUNT>
    <CUST_SCALE>一般纳税人</CUST_SCALE>
    <INDUSTRY_NAME>批发和零售业</INDUSTRY_NAME>
    <CONTACT>宋福仁</CONTACT>
    <TEL>无</TEL>
    <MOBILE>13936836973</MOBILE>
    <TAX_AUTHORITY_CODE>123060400</TAX_AUTHORITY_CODE>
    <TAX_AUTHORITY_NAME>大庆市国家税务局让胡路分局</TAX_AUTHORITY_NAME>
    <CHARGE_END_DATE>2016-09-24T00:00:00</CHARGE_END_DATE>
    <EMAIL></EMAIL>
    <BUSINESS_SCOPE></BUSINESS_SCOPE>
    <LEGAL_PERSON></LEGAL_PERSON>
    <REGISTERED_FUND>0</REGISTERED_FUND>
    <REGISTER_DATE>2011-09-24T00:00:00</REGISTER_DATE>
    <UPDATE_DATE>2016-06-07T00:00:00</UPDATE_DATE>
    <BILLING_MACHINE_NO>0</BILLING_MACHINE_NO>
    <SUBSTATION_ID>1700</SUBSTATION_ID>
    <ENTERPRICE_TYPE_NAME>有限责任公司</ENTERPRICE_TYPE_NAME>
    <ENTERPRISE_SCALE>0</ENTERPRISE_SCALE>
    <ADDR>黑龙江省大庆市让胡路区阳光嘉城C区</ADDR>
    <BRANCH_OFFICE>大庆市国家税务局让胡路分局</BRANCH_OFFICE>
</ROW>
<ROW>
    <cust_name>黑龙江金源仑特种纤维有限公司</cust_name>
    <CUST_TAX_CODE>91231282551330022D</CUST_TAX_CODE>
    <ACCOUNT_BANK></ACCOUNT_BANK>
    <BANK_ACCOUNT></BANK_ACCOUNT>
    <CUST_SCALE>一般纳税人</CUST_SCALE>
    <INDUSTRY_NAME>其他行业</INDUSTRY_NAME>
    <CONTACT>韩伟杰</CONTACT>
    <TEL>0455-7902088</TEL>
    <MOBILE>18246620279</MOBILE>
    <TAX_AUTHORITY_CODE>123128200</TAX_AUTHORITY_CODE>
    <TAX_AUTHORITY_NAME>黑龙江省肇东市国家税务局</TAX_AUTHORITY_NAME>
    <CHARGE_END_DATE>2017-09-23T00:00:00</CHARGE_END_DATE>
    <EMAIL></EMAIL>
    <BUSINESS_SCOPE></BUSINESS_SCOPE>
    <LEGAL_PERSON></LEGAL_PERSON>
    <REGISTERED_FUND>0</REGISTERED_FUND>
    <REGISTER_DATE>2011-09-23T00:00:00</REGISTER_DATE>
    <UPDATE_DATE>2016-04-26T00:00:00</UPDATE_DATE>
    <BILLING_MACHINE_NO>0</BILLING_MACHINE_NO>
    <SUBSTATION_ID>1789</SUBSTATION_ID>
    <ENTERPRICE_TYPE_NAME>私营企业</ENTERPRICE_TYPE_NAME>
    <ENTERPRISE_SCALE>0</ENTERPRISE_SCALE>
    <ADDR>黑龙江省肇东市肇昌公路13公里处</ADDR>
    <BRANCH_OFFICE>黑龙江省肇东市国家税务局</BRANCH_OFFICE>
</ROW>
