{
	"info": {
		"_postman_id": "baae9ba8-44f0-456a-b266-228f2f98aa79",
		"name": "抖音API",
		"schema": "https://schema.getpostman.com/json/collection/v2.1.0/collection.json"
	},
	"item": [
		{
			"name": "抖音V2版本",
			"item": [
				{
					"name": "搜索",
					"item": [
						{
							"name": "搜索关键字",
							"request": {
								"auth": {
									"type": "bearer",
									"bearer": [
										{
											"key": "token",
											"value": "{{api-token}}",
											"type": "string"
										}
									]
								},
								"method": "GET",
								"header": [],
								"url": {
									"raw": "{{douyin_host}}/api/v2/search/key-word",
									"host": [
										"{{douyin_host}}"
									],
									"path": [
										"api",
										"v2",
										"search",
										"key-word"
									]
								}
							},
							"response": []
						},
						{
							"name": "搜索用户",
							"request": {
								"auth": {
									"type": "bearer",
									"bearer": [
										{
											"key": "token",
											"value": "{{api-token}}",
											"type": "string"
										}
									]
								},
								"method": "GET",
								"header": [],
								"url": {
									"raw": "{{douyin_host}}/api/v2/search/user?w=情&page=1&limit=10",
									"host": [
										"{{douyin_host}}"
									],
									"path": [
										"api",
										"v2",
										"search",
										"user"
									],
									"query": [
										{
											"key": "w",
											"value": "情"
										},
										{
											"key": "page",
											"value": "1"
										},
										{
											"key": "limit",
											"value": "10"
										}
									]
								}
							},
							"response": []
						},
						{
							"name": "搜索动态",
							"request": {
								"auth": {
									"type": "bearer",
									"bearer": [
										{
											"key": "token",
											"value": "{{api-token}}",
											"type": "string"
										}
									]
								},
								"method": "GET",
								"header": [],
								"url": {
									"raw": "{{douyin_host}}/api/v2/search/dynamic?w=好看&limit=10&page=1",
									"host": [
										"{{douyin_host}}"
									],
									"path": [
										"api",
										"v2",
										"search",
										"dynamic"
									],
									"query": [
										{
											"key": "w",
											"value": "好看"
										},
										{
											"key": "limit",
											"value": "10"
										},
										{
											"key": "page",
											"value": "1"
										}
									]
								}
							},
							"response": []
						},
						{
							"name": "视频搜索",
							"request": {
								"auth": {
									"type": "bearer",
									"bearer": [
										{
											"key": "token",
											"value": "{{api-token}}",
											"type": "string"
										}
									]
								},
								"method": "GET",
								"header": [],
								"url": {
									"raw": "{{douyin_host}}/api/v2/search/video?title=黑&keywords=萝莉自慰&page=1&limit=10",
									"host": [
										"{{douyin_host}}"
									],
									"path": [
										"api",
										"v2",
										"search",
										"video"
									],
									"query": [
										{
											"key": "title",
											"value": "黑"
										},
										{
											"key": "keywords",
											"value": "萝莉自慰"
										},
										{
											"key": "page",
											"value": "1"
										},
										{
											"key": "limit",
											"value": "10"
										}
									]
								}
							},
							"response": []
						},
						{
							"name": "搜索话题",
							"request": {
								"auth": {
									"type": "bearer",
									"bearer": [
										{
											"key": "token",
											"value": "{{api-token}}",
											"type": "string"
										}
									]
								},
								"method": "GET",
								"header": [],
								"url": {
									"raw": "{{douyin_host}}/api/v2/search/topic?title=集合&page=1&limit=10",
									"host": [
										"{{douyin_host}}"
									],
									"path": [
										"api",
										"v2",
										"search",
										"topic"
									],
									"query": [
										{
											"key": "title",
											"value": "集合"
										},
										{
											"key": "page",
											"value": "1"
										},
										{
											"key": "limit",
											"value": "10"
										}
									]
								}
							},
							"response": []
						}
					],
					"protocolProfileBehavior": {},
					"_postman_isSubFolder": true
				},
				{
					"name": "发现",
					"item": [
						{
							"name": "电影分类接口-发现2",
							"request": {
								"auth": {
									"type": "bearer",
									"bearer": [
										{
											"key": "token",
											"value": "{{api-token}}",
											"type": "string"
										}
									]
								},
								"method": "GET",
								"header": [
									{
										"key": "Accept",
										"value": "application/json",
										"type": "text"
									}
								],
								"url": {
									"raw": "{{douyin_host}}/api/v2/video-cat/list?limit=20&page=1",
									"host": [
										"{{douyin_host}}"
									],
									"path": [
										"api",
										"v2",
										"video-cat",
										"list"
									],
									"query": [
										{
											"key": "limit",
											"value": "20"
										},
										{
											"key": "page",
											"value": "1"
										},
										{
											"key": "type",
											"value": "FAXIAN2",
											"disabled": true
										}
									]
								}
							},
							"response": []
						},
						{
							"name": "电影分类推荐接口-发现1",
							"request": {
								"auth": {
									"type": "bearer",
									"bearer": [
										{
											"key": "token",
											"value": "{{api-token}}",
											"type": "string"
										}
									]
								},
								"method": "GET",
								"header": [],
								"url": {
									"raw": "192.168.1.186:50004/api/v2/video-cat/recommendes?limit=20&page=1",
									"host": [
										"192",
										"168",
										"1",
										"186"
									],
									"port": "50004",
									"path": [
										"api",
										"v2",
										"video-cat",
										"recommendes"
									],
									"query": [
										{
											"key": "limit",
											"value": "20"
										},
										{
											"key": "page",
											"value": "1"
										}
									]
								}
							},
							"response": []
						},
						{
							"name": "发现-获取某分类下的电影列表数据",
							"request": {
								"auth": {
									"type": "bearer",
									"bearer": [
										{
											"key": "token",
											"value": "{{api-token}}",
											"type": "string"
										}
									]
								},
								"method": "GET",
								"header": [
									{
										"key": "Accept",
										"value": "application/json",
										"type": "text"
									}
								],
								"url": {
									"raw": "{{douyin_host}}/api/v2/video-cat?key_id=1404&limit=10&page=1",
									"host": [
										"{{douyin_host}}"
									],
									"path": [
										"api",
										"v2",
										"video-cat"
									],
									"query": [
										{
											"key": "key_id",
											"value": "1404"
										},
										{
											"key": "limit",
											"value": "10"
										},
										{
											"key": "page",
											"value": "1"
										}
									]
								}
							},
							"response": []
						},
						{
							"name": "抖音顶部-广告",
							"request": {
								"auth": {
									"type": "bearer",
									"bearer": [
										{
											"key": "token",
											"value": "{{api-token}}",
											"type": "string"
										}
									]
								},
								"method": "GET",
								"header": [
									{
										"key": "Accept",
										"value": "application/json",
										"type": "text"
									}
								],
								"url": {
									"raw": "{{douyin_host}}/api/v2/ad-banner",
									"host": [
										"{{douyin_host}}"
									],
									"path": [
										"api",
										"v2",
										"ad-banner"
									]
								}
							},
							"response": []
						},
						{
							"name": "排行榜列表",
							"request": {
								"auth": {
									"type": "bearer",
									"bearer": [
										{
											"key": "token",
											"value": "{{api-token}}",
											"type": "string"
										}
									]
								},
								"method": "GET",
								"header": [],
								"url": {
									"raw": "{{douyin_host}}/api/v2/video-rank/list",
									"host": [
										"{{douyin_host}}"
									],
									"path": [
										"api",
										"v2",
										"video-rank",
										"list"
									]
								}
							},
							"response": []
						},
						{
							"name": "获取某个排行榜详情",
							"request": {
								"auth": {
									"type": "bearer",
									"bearer": [
										{
											"key": "token",
											"value": "{{api-token}}",
											"type": "string"
										}
									]
								},
								"method": "GET",
								"header": [],
								"url": {
									"raw": "{{douyin_host}}/api/v2/video-rank?type=week&limit=10&page=1",
									"host": [
										"{{douyin_host}}"
									],
									"path": [
										"api",
										"v2",
										"video-rank"
									],
									"query": [
										{
											"key": "type",
											"value": "week"
										},
										{
											"key": "limit",
											"value": "10"
										},
										{
											"key": "page",
											"value": "1"
										}
									]
								}
							},
							"response": []
						},
						{
							"name": "抖音-内容页广告",
							"request": {
								"auth": {
									"type": "bearer",
									"bearer": [
										{
											"key": "token",
											"value": "{{api-token}}",
											"type": "string"
										}
									]
								},
								"method": "GET",
								"header": [],
								"url": {
									"raw": "{{douyin_host}}/api/v2/ad-detail",
									"host": [
										"{{douyin_host}}"
									],
									"path": [
										"api",
										"v2",
										"ad-detail"
									]
								}
							},
							"response": []
						}
					],
					"protocolProfileBehavior": {},
					"_postman_isSubFolder": true
				},
				{
					"name": "收藏",
					"item": [
						{
							"name": "收藏话题",
							"request": {
								"auth": {
									"type": "bearer",
									"bearer": [
										{
											"key": "token",
											"value": "{{api-token}}",
											"type": "string"
										}
									]
								},
								"method": "POST",
								"header": [],
								"body": {
									"mode": "formdata",
									"formdata": [
										{
											"key": "topic_id",
											"value": "1",
											"type": "text"
										}
									]
								},
								"url": {
									"raw": "{{douyin_host}}/api/v2/topic/collect-add",
									"host": [
										"{{douyin_host}}"
									],
									"path": [
										"api",
										"v2",
										"topic",
										"collect-add"
									]
								}
							},
							"response": []
						},
						{
							"name": "话题删除",
							"request": {
								"auth": {
									"type": "bearer",
									"bearer": [
										{
											"key": "token",
											"value": "{{api-token}}",
											"type": "string"
										}
									]
								},
								"method": "POST",
								"header": [],
								"body": {
									"mode": "formdata",
									"formdata": [
										{
											"key": "topic_id",
											"value": "1",
											"type": "text"
										}
									]
								},
								"url": {
									"raw": "{{douyin_host}}/api/v2/topic/collect-del",
									"host": [
										"{{douyin_host}}"
									],
									"path": [
										"api",
										"v2",
										"topic",
										"collect-del"
									]
								}
							},
							"response": []
						},
						{
							"name": "话题列表",
							"request": {
								"auth": {
									"type": "bearer",
									"bearer": [
										{
											"key": "token",
											"value": "{{api-token}}",
											"type": "string"
										}
									]
								},
								"method": "GET",
								"header": [],
								"url": {
									"raw": "{{douyin_host}}/api/v2/topic/collect-items",
									"host": [
										"{{douyin_host}}"
									],
									"path": [
										"api",
										"v2",
										"topic",
										"collect-items"
									]
								}
							},
							"response": []
						}
					],
					"protocolProfileBehavior": {},
					"_postman_isSubFolder": true
				},
				{
					"name": "消息",
					"item": [
						{
							"name": "更新用户接受消息最大的maxid",
							"request": {
								"auth": {
									"type": "bearer",
									"bearer": [
										{
											"key": "token",
											"value": "{{api-token}}",
											"type": "string"
										}
									]
								},
								"method": "POST",
								"header": [],
								"body": {
									"mode": "formdata",
									"formdata": [
										{
											"key": "alias",
											"value": "NOTICE-MSG",
											"type": "text"
										},
										{
											"key": "max_id",
											"value": "18",
											"type": "text"
										}
									]
								},
								"url": {
									"raw": "{{douyin_host}}/api/v2/message/update",
									"host": [
										"{{douyin_host}}"
									],
									"path": [
										"api",
										"v2",
										"message",
										"update"
									]
								}
							},
							"response": []
						},
						{
							"name": "消息最新数量",
							"request": {
								"auth": {
									"type": "bearer",
									"bearer": [
										{
											"key": "token",
											"value": "{{api-token}}",
											"type": "string"
										}
									]
								},
								"method": "GET",
								"header": [],
								"url": {
									"raw": "{{douyin_host}}/api/v2/message/new-num",
									"host": [
										"{{douyin_host}}"
									],
									"path": [
										"api",
										"v2",
										"message",
										"new-num"
									]
								}
							},
							"response": []
						},
						{
							"name": "通知消息列表",
							"request": {
								"auth": {
									"type": "bearer",
									"bearer": [
										{
											"key": "token",
											"value": "fd5617784d67b91b191ce901bb8a5739 3635da686da1b1a45.23351866",
											"type": "string"
										}
									]
								},
								"method": "GET",
								"header": [],
								"url": {
									"raw": "{{douyin_host}}/api/v2/message/list?alias=NOTICE-MSG",
									"host": [
										"{{douyin_host}}"
									],
									"path": [
										"api",
										"v2",
										"message",
										"list"
									],
									"query": [
										{
											"key": "alias",
											"value": "NOTICE-MSG"
										}
									]
								}
							},
							"response": []
						},
						{
							"name": "点赞消息列表",
							"request": {
								"auth": {
									"type": "bearer",
									"bearer": [
										{
											"key": "token",
											"value": "{{api-token}}",
											"type": "string"
										}
									]
								},
								"method": "GET",
								"header": [],
								"url": {
									"raw": "{{douyin_host}}/api/v2/message/list?alias=PRAISE-MSG",
									"host": [
										"{{douyin_host}}"
									],
									"path": [
										"api",
										"v2",
										"message",
										"list"
									],
									"query": [
										{
											"key": "alias",
											"value": "PRAISE-MSG"
										}
									]
								}
							},
							"response": []
						},
						{
							"name": "评论消息列表",
							"request": {
								"auth": {
									"type": "bearer",
									"bearer": [
										{
											"key": "token",
											"value": "a1d0836ba97153b4b46613d9adc027a2 3635da4d3ae9684f5.19394955",
											"type": "string"
										}
									]
								},
								"method": "GET",
								"header": [],
								"url": {
									"raw": "{{douyin_host}}/api/v2/message/list?alias=COMMENT-MSG",
									"host": [
										"{{douyin_host}}"
									],
									"path": [
										"api",
										"v2",
										"message",
										"list"
									],
									"query": [
										{
											"key": "alias",
											"value": "COMMENT-MSG"
										}
									]
								}
							},
							"response": []
						},
						{
							"name": "关注消息评论列表",
							"request": {
								"auth": {
									"type": "bearer",
									"bearer": [
										{
											"key": "token",
											"value": "{{api-token}}",
											"type": "string"
										}
									]
								},
								"method": "GET",
								"header": [],
								"url": {
									"raw": "{{douyin_host}}/api/v2/message/list?alias=FOLLOWER-MSG",
									"host": [
										"{{douyin_host}}"
									],
									"path": [
										"api",
										"v2",
										"message",
										"list"
									],
									"query": [
										{
											"key": "alias",
											"value": "FOLLOWER-MSG"
										}
									]
								}
							},
							"response": []
						},
						{
							"name": "系统消息列表",
							"request": {
								"auth": {
									"type": "bearer",
									"bearer": [
										{
											"key": "token",
											"value": "{{api-token}}",
											"type": "string"
										}
									]
								},
								"method": "GET",
								"header": [],
								"url": {
									"raw": "{{douyin_host}}/api/v2/message/list?alias=SYSTEM-MSG",
									"host": [
										"{{douyin_host}}"
									],
									"path": [
										"api",
										"v2",
										"message",
										"list"
									],
									"query": [
										{
											"key": "alias",
											"value": "SYSTEM-MSG"
										}
									]
								}
							},
							"response": []
						}
					],
					"protocolProfileBehavior": {},
					"_postman_isSubFolder": true
				},
				{
					"name": "注册设备",
					"event": [
						{
							"listen": "test",
							"script": {
								"id": "ce6b1372-c515-4f53-9aef-10c0d8e01e83",
								"exec": [
									"var _response = pm.response.json();",
									"console.log('api-token数据',_response.result.api_token);",
									"pm.environment.set(\"api-token\",_response.result.api_token);"
								],
								"type": "text/javascript"
							}
						}
					],
					"request": {
						"method": "POST",
						"header": [
							{
								"key": "Accept",
								"value": "application/json",
								"type": "text"
							}
						],
						"body": {
							"mode": "formdata",
							"formdata": [
								{
									"key": "device_code",
									"value": "test-0000-0445",
									"type": "text"
								},
								{
									"key": "type",
									"value": "1",
									"type": "text",
									"disabled": true
								},
								{
									"key": "password",
									"value": "",
									"type": "text",
									"disabled": true
								},
								{
									"key": "verification_key",
									"value": "",
									"type": "text",
									"disabled": true
								},
								{
									"key": "code",
									"value": "",
									"type": "text",
									"disabled": true
								}
							]
						},
						"url": {
							"raw": "{{douyin_host}}/api/v2/register-device",
							"host": [
								"{{douyin_host}}"
							],
							"path": [
								"api",
								"v2",
								"register-device"
							]
						}
					},
					"response": []
				},
				{
					"name": "领取福利卡",
					"request": {
						"auth": {
							"type": "bearer",
							"bearer": [
								{
									"key": "token",
									"value": "{{api-token}}",
									"type": "string"
								}
							]
						},
						"method": "POST",
						"header": [],
						"body": {
							"mode": "formdata",
							"formdata": [
								{
									"key": "code",
									"value": "NHUDTJ",
									"type": "text"
								}
							]
						},
						"url": {
							"raw": "{{douyin_host}}/api/v2/user/get-welfare",
							"host": [
								"{{douyin_host}}"
							],
							"path": [
								"api",
								"v2",
								"user",
								"get-welfare"
							]
						}
					},
					"response": []
				},
				{
					"name": "福利卡未激活列表",
					"request": {
						"auth": {
							"type": "bearer",
							"bearer": [
								{
									"key": "token",
									"value": "{{api-token}}",
									"type": "string"
								}
							]
						},
						"method": "GET",
						"header": [],
						"url": {
							"raw": "{{douyin_host}}/api/v2/user/welfare/unowned-lists",
							"host": [
								"{{douyin_host}}"
							],
							"path": [
								"api",
								"v2",
								"user",
								"welfare",
								"unowned-lists"
							]
						}
					},
					"response": []
				},
				{
					"name": "福利卡已失效列表",
					"request": {
						"auth": {
							"type": "bearer",
							"bearer": [
								{
									"key": "token",
									"value": "{{api-token}}",
									"type": "string"
								}
							]
						},
						"method": "GET",
						"header": [],
						"url": {
							"raw": "{{douyin_host}}/api/v2/user/welfare/invalid-lists",
							"host": [
								"{{douyin_host}}"
							],
							"path": [
								"api",
								"v2",
								"user",
								"welfare",
								"invalid-lists"
							]
						}
					},
					"response": []
				},
				{
					"name": "福利卡已生效的列表",
					"request": {
						"auth": {
							"type": "bearer",
							"bearer": [
								{
									"key": "token",
									"value": "{{api-token}}",
									"type": "string"
								}
							]
						},
						"method": "GET",
						"header": [],
						"url": {
							"raw": "{{douyin_host}}/api/v2/user/welfare/unused-lists",
							"host": [
								"{{douyin_host}}"
							],
							"path": [
								"api",
								"v2",
								"user",
								"welfare",
								"unused-lists"
							]
						}
					},
					"response": []
				},
				{
					"name": "社区动态列表",
					"request": {
						"method": "GET",
						"header": [
							{
								"key": "Host",
								"value": " web.admin-douyin.dev.0nt1.com",
								"type": "text"
							},
							{
								"key": "User-Agent",
								"value": " Mozilla/5.0 (Macintosh; Intel Mac OS X 10.14; rv:68.0) Gecko/20100101 Firefox/68.0",
								"type": "text"
							},
							{
								"key": "Accept",
								"value": " application/json, text/plain, */*",
								"type": "text"
							},
							{
								"key": "Accept-Language",
								"value": " zh-CN,zh;q=0.8,zh-TW;q=0.7,zh-HK;q=0.5,en-US;q=0.3,en;q=0.2",
								"type": "text"
							},
							{
								"key": "Accept-Encoding",
								"value": " gzip, deflate",
								"type": "text"
							},
							{
								"key": "Connection",
								"value": " keep-alive",
								"type": "text"
							},
							{
								"key": "Referer",
								"value": " http://web.admin-douyin.dev.0nt1.com/dynamic/grid",
								"type": "text"
							},
							{
								"key": "Cookie",
								"value": " laravel_session=tGIr2TXZMMxrBFAUi0yxuseNfFlnj2V0RQylUkzi",
								"type": "text"
							}
						],
						"url": {
							"raw": "http://web.admin-douyin.dev.0nt1.com/api/admin/dynamic/list/10/1/id/desc/complex",
							"protocol": "http",
							"host": [
								"web",
								"admin-douyin",
								"dev",
								"0nt1",
								"com"
							],
							"path": [
								"api",
								"admin",
								"dynamic",
								"list",
								"10",
								"1",
								"id",
								"desc",
								"complex"
							]
						}
					},
					"response": []
				}
			],
			"protocolProfileBehavior": {}
		},
		{
			"name": "Accept",
			"item": [],
			"protocolProfileBehavior": {}
		},
		{
			"name": "抖音- 重构",
			"item": [
				{
					"name": "用户数据获取（56s->200ms）",
					"request": {
						"method": "POST",
						"header": [
							{
								"key": "Host",
								"value": " web.admin-douyin.dev.0nt1.com",
								"type": "text"
							},
							{
								"key": "User-Agent",
								"value": " Mozilla/5.0 (Macintosh; Intel Mac OS X 10.14; rv:68.0) Gecko/20100101 Firefox/68.0",
								"type": "text"
							},
							{
								"key": "Accept",
								"value": " application/json, text/plain, */*",
								"type": "text"
							},
							{
								"key": "Accept-Language",
								"value": " zh-CN,zh;q=0.8,zh-TW;q=0.7,zh-HK;q=0.5,en-US;q=0.3,en;q=0.2",
								"type": "text"
							},
							{
								"key": "Accept-Encoding",
								"value": " gzip, deflate",
								"type": "text"
							},
							{
								"key": "Content-Type",
								"value": " application/json;charset=utf-8",
								"type": "text",
								"disabled": true
							},
							{
								"key": "Content-Length",
								"value": " 2",
								"type": "text"
							},
							{
								"key": "Connection",
								"value": " keep-alive",
								"type": "text"
							},
							{
								"key": "Referer",
								"value": " http://web.admin-douyin.dev.0nt1.com/system/user/grid",
								"type": "text"
							},
							{
								"key": "Cookie",
								"value": " laravel_session=A21gn0NUQEGQs8br8nsrKzUHDKQQ6yoZ1eFsxePx",
								"type": "text"
							}
						],
						"url": {
							"raw": "http://web.admin-douyin.dev.0nt1.com/api/admin/user/lists/10/1/id/DESC/complex",
							"protocol": "http",
							"host": [
								"web",
								"admin-douyin",
								"dev",
								"0nt1",
								"com"
							],
							"path": [
								"api",
								"admin",
								"user",
								"lists",
								"10",
								"1",
								"id",
								"DESC",
								"complex"
							]
						}
					},
					"response": []
				},
				{
					"name": "订单搜索",
					"request": {
						"method": "GET",
						"header": [
							{
								"key": "Host",
								"value": " web.admin-douyin.dev.0nt1.com",
								"type": "text"
							},
							{
								"key": "User-Agent",
								"value": " Mozilla/5.0 (Macintosh; Intel Mac OS X 10.14; rv:68.0) Gecko/20100101 Firefox/68.0",
								"type": "text"
							},
							{
								"key": "Accept",
								"value": " application/json, text/plain, */*",
								"type": "text"
							},
							{
								"key": "Accept-Language",
								"value": " zh-CN,zh;q=0.8,zh-TW;q=0.7,zh-HK;q=0.5,en-US;q=0.3,en;q=0.2",
								"type": "text"
							},
							{
								"key": "Accept-Encoding",
								"value": " gzip, deflate",
								"type": "text"
							},
							{
								"key": "Connection",
								"value": " keep-alive",
								"type": "text"
							},
							{
								"key": "Referer",
								"value": " http://web.admin-douyin.dev.0nt1.com/order/grid",
								"type": "text"
							},
							{
								"key": "Cookie",
								"value": " laravel_session=7RPLd51rwq7pQ4dWBxQQqPNNntKZmBYzklbZGPxo",
								"type": "text"
							}
						],
						"url": {
							"raw": "http://web.admin-douyin.dev.0nt1.com/api/admin/order/list/10/1/id/DESC/complex",
							"protocol": "http",
							"host": [
								"web",
								"admin-douyin",
								"dev",
								"0nt1",
								"com"
							],
							"path": [
								"api",
								"admin",
								"order",
								"list",
								"10",
								"1",
								"id",
								"DESC",
								"complex"
							]
						}
					},
					"response": []
				}
			],
			"protocolProfileBehavior": {}
		},
		{
			"name": "抖音双+活动",
			"item": [
				{
					"name": "获取动态点赞排行榜",
					"request": {
						"auth": {
							"type": "bearer",
							"bearer": [
								{
									"key": "token",
									"value": "{{api-token}}",
									"type": "string"
								}
							]
						},
						"method": "GET",
						"header": [],
						"url": {
							"raw": "{{douyin_host}}/api/v2/activity/rank?key=DYNAMIC_PRAISE&limit=10&page=1&topic=1",
							"host": [
								"{{douyin_host}}"
							],
							"path": [
								"api",
								"v2",
								"activity",
								"rank"
							],
							"query": [
								{
									"key": "key",
									"value": "DYNAMIC_PRAISE"
								},
								{
									"key": "limit",
									"value": "10"
								},
								{
									"key": "page",
									"value": "1"
								},
								{
									"key": "topic",
									"value": "1"
								}
							]
						}
					},
					"response": []
				},
				{
					"name": "获取视频点赞排行",
					"request": {
						"auth": {
							"type": "bearer",
							"bearer": [
								{
									"key": "token",
									"value": "{{api-token}}",
									"type": "string"
								}
							]
						},
						"method": "GET",
						"header": [],
						"url": {
							"raw": "{{douyin_host}}/api/v2/activity/rank?key=VIDEO_PRAISE&limit=10&page=1",
							"host": [
								"{{douyin_host}}"
							],
							"path": [
								"api",
								"v2",
								"activity",
								"rank"
							],
							"query": [
								{
									"key": "key",
									"value": "VIDEO_PRAISE"
								},
								{
									"key": "limit",
									"value": "10"
								},
								{
									"key": "page",
									"value": "1"
								}
							]
						}
					},
					"response": []
				},
				{
					"name": "获取上传视频排行",
					"request": {
						"auth": {
							"type": "bearer",
							"bearer": [
								{
									"key": "token",
									"value": "{{api-token}}",
									"type": "string"
								}
							]
						},
						"method": "GET",
						"header": [],
						"url": {
							"raw": "{{douyin_host}}/api/v2/activity/rank?key=UPLOAD_VIDEO&limit=10&page=1",
							"host": [
								"{{douyin_host}}"
							],
							"path": [
								"api",
								"v2",
								"activity",
								"rank"
							],
							"query": [
								{
									"key": "key",
									"value": "UPLOAD_VIDEO"
								},
								{
									"key": "limit",
									"value": "10"
								},
								{
									"key": "page",
									"value": "1"
								}
							]
						}
					},
					"response": []
				},
				{
					"name": "后台活动管理列表",
					"request": {
						"method": "GET",
						"header": [
							{
								"key": "Host",
								"value": " web.admin-douyin.dev.0nt1.com",
								"type": "text"
							},
							{
								"key": "User-Agent",
								"value": " Mozilla/5.0 (Macintosh; Intel Mac OS X 10.14; rv:70.0) Gecko/20100101 Firefox/70.0",
								"type": "text"
							},
							{
								"key": "Accept",
								"value": " application/json, text/plain, */*",
								"type": "text"
							},
							{
								"key": "Accept-Language",
								"value": " zh-CN,zh;q=0.8,zh-TW;q=0.7,zh-HK;q=0.5,en-US;q=0.3,en;q=0.2",
								"type": "text"
							},
							{
								"key": "Accept-Encoding",
								"value": " gzip, deflate",
								"type": "text"
							},
							{
								"key": "Connection",
								"value": " keep-alive",
								"type": "text"
							},
							{
								"key": "Referer",
								"value": " http://web.admin-douyin.dev.0nt1.com/activity/grid",
								"type": "text"
							},
							{
								"key": "Cookie",
								"value": " laravel_session=U5Uq0RMkt1z5fYt075X5mc4HRXupNCvuBoxo1JGh",
								"type": "text"
							}
						],
						"url": {
							"raw": "http://web.admin-douyin.dev.0nt1.com/api/admin/activity/list/30/1/sort/desc/complex",
							"protocol": "http",
							"host": [
								"web",
								"admin-douyin",
								"dev",
								"0nt1",
								"com"
							],
							"path": [
								"api",
								"admin",
								"activity",
								"list",
								"30",
								"1",
								"sort",
								"desc",
								"complex"
							]
						}
					},
					"response": []
				},
				{
					"name": "预测试-动态点赞",
					"request": {
						"auth": {
							"type": "bearer",
							"bearer": [
								{
									"key": "token",
									"value": "ace88fd6ccd2f2fa7d29f6a9afc5a6cd 175c95ea0fed1b27.05024672",
									"type": "string"
								}
							]
						},
						"method": "GET",
						"header": [],
						"url": {
							"raw": "http://154.206.46.180:8084/api/v2/activity/rank?key=DYNAMIC_PRAISE&limit=10&page=1&topic=1",
							"protocol": "http",
							"host": [
								"154",
								"206",
								"46",
								"180"
							],
							"port": "8084",
							"path": [
								"api",
								"v2",
								"activity",
								"rank"
							],
							"query": [
								{
									"key": "key",
									"value": "DYNAMIC_PRAISE"
								},
								{
									"key": "limit",
									"value": "10"
								},
								{
									"key": "page",
									"value": "1"
								},
								{
									"key": "topic",
									"value": "1"
								}
							]
						}
					},
					"response": []
				},
				{
					"name": "预测试-获取视频点赞",
					"request": {
						"auth": {
							"type": "bearer",
							"bearer": [
								{
									"key": "token",
									"value": "ace88fd6ccd2f2fa7d29f6a9afc5a6cd 175c95ea0fed1b27.05024672",
									"type": "string"
								}
							]
						},
						"method": "GET",
						"header": [],
						"url": {
							"raw": "http://154.206.46.180:8084/api/v2/activity/rank?key=VIDEO_PRAISE&limit=10&page=1",
							"protocol": "http",
							"host": [
								"154",
								"206",
								"46",
								"180"
							],
							"port": "8084",
							"path": [
								"api",
								"v2",
								"activity",
								"rank"
							],
							"query": [
								{
									"key": "key",
									"value": "VIDEO_PRAISE"
								},
								{
									"key": "limit",
									"value": "10"
								},
								{
									"key": "page",
									"value": "1"
								}
							]
						}
					},
					"response": []
				},
				{
					"name": "预测试-视频上传",
					"request": {
						"auth": {
							"type": "bearer",
							"bearer": [
								{
									"key": "token",
									"value": "ace88fd6ccd2f2fa7d29f6a9afc5a6cd 175c95ea0fed1b27.05024672",
									"type": "string"
								}
							]
						},
						"method": "GET",
						"header": [],
						"url": {
							"raw": "http://154.206.46.180:8084/api/v2/activity/rank?key=UPLOAD_VIDEO&limit=10&page=1",
							"protocol": "http",
							"host": [
								"154",
								"206",
								"46",
								"180"
							],
							"port": "8084",
							"path": [
								"api",
								"v2",
								"activity",
								"rank"
							],
							"query": [
								{
									"key": "key",
									"value": "UPLOAD_VIDEO"
								},
								{
									"key": "limit",
									"value": "10"
								},
								{
									"key": "page",
									"value": "1"
								}
							]
						}
					},
					"response": []
				}
			],
			"protocolProfileBehavior": {}
		},
		{
			"name": "注册设备",
			"event": [
				{
					"listen": "test",
					"script": {
						"id": "81d104c5-2be0-44cb-9ac9-68759b1fbd46",
						"exec": [
							"var _response = pm.response.json();",
							"console.log('api-token数据',_response.result.api_token);",
							"pm.environment.set(\"api-token\",_response.result.api_token);"
						],
						"type": "text/javascript"
					}
				}
			],
			"request": {
				"auth": {
					"type": "bearer",
					"bearer": [
						{
							"key": "token",
							"value": "",
							"type": "string"
						}
					]
				},
				"method": "POST",
				"header": [
					{
						"key": "Accept",
						"value": "application/json",
						"type": "text"
					}
				],
				"body": {
					"mode": "formdata",
					"formdata": [
						{
							"key": "device_code",
							"value": "test-0000-0445",
							"type": "text"
						},
						{
							"key": "type",
							"value": "1",
							"type": "text",
							"disabled": true
						},
						{
							"key": "password",
							"value": "",
							"type": "text",
							"disabled": true
						},
						{
							"key": "verification_key",
							"value": "",
							"type": "text",
							"disabled": true
						},
						{
							"key": "code",
							"value": "",
							"type": "text",
							"disabled": true
						}
					]
				},
				"url": {
					"raw": "{{douyin_host}}/api/register-device",
					"host": [
						"{{douyin_host}}"
					],
					"path": [
						"api",
						"register-device"
					]
				}
			},
			"response": []
		},
		{
			"name": "添加关注",
			"request": {
				"auth": {
					"type": "bearer",
					"bearer": [
						{
							"key": "token",
							"value": "{{api-token}}",
							"type": "string"
						}
					]
				},
				"method": "POST",
				"header": [
					{
						"key": "Accept",
						"value": "application/json",
						"type": "text"
					},
					{
						"key": "Content-Type",
						"name": "Content-Type",
						"value": "application/x-www-form-urlencoded",
						"type": "text"
					}
				],
				"body": {
					"mode": "urlencoded",
					"urlencoded": []
				},
				"url": {
					"raw": "{{douyin_host}}/api/user-follow?current_uid=311&target_uid=209",
					"host": [
						"{{douyin_host}}"
					],
					"path": [
						"api",
						"user-follow"
					],
					"query": [
						{
							"key": "current_uid",
							"value": "311"
						},
						{
							"key": "target_uid",
							"value": "209"
						}
					]
				}
			},
			"response": []
		},
		{
			"name": "取消关注",
			"request": {
				"auth": {
					"type": "bearer",
					"bearer": [
						{
							"key": "token",
							"value": "{{api-token}}",
							"type": "string"
						}
					]
				},
				"method": "POST",
				"header": [
					{
						"key": "Accept",
						"value": "application/json",
						"type": "text"
					}
				],
				"body": {
					"mode": "formdata",
					"formdata": [
						{
							"key": "current_uid",
							"value": "1000023",
							"type": "text"
						},
						{
							"key": "target_uid",
							"value": "1004355",
							"type": "text"
						}
					]
				},
				"url": {
					"raw": "{{douyin_host}}/api/user-unfollow",
					"host": [
						"{{douyin_host}}"
					],
					"path": [
						"api",
						"user-unfollow"
					]
				}
			},
			"response": []
		},
		{
			"name": "关注列表",
			"protocolProfileBehavior": {
				"disableBodyPruning": true
			},
			"request": {
				"auth": {
					"type": "bearer",
					"bearer": [
						{
							"key": "token",
							"value": "{{api-token}}",
							"type": "string"
						}
					]
				},
				"method": "GET",
				"header": [
					{
						"key": "Accept",
						"value": "application/json",
						"type": "text"
					}
				],
				"body": {
					"mode": "formdata",
					"formdata": [
						{
							"key": "current_uid",
							"value": "1000023",
							"type": "text"
						},
						{
							"key": "target_uid",
							"value": "54512358",
							"type": "text"
						}
					]
				},
				"url": {
					"raw": "{{douyin_host}}/api/v1/user-follow?current_uid=1000023&target_uid=54512358&p=1",
					"host": [
						"{{douyin_host}}"
					],
					"path": [
						"api",
						"v1",
						"user-follow"
					],
					"query": [
						{
							"key": "current_uid",
							"value": "1000023"
						},
						{
							"key": "target_uid",
							"value": "54512358"
						},
						{
							"key": "p",
							"value": "1"
						}
					]
				}
			},
			"response": []
		},
		{
			"name": "粉丝列表",
			"request": {
				"auth": {
					"type": "bearer",
					"bearer": [
						{
							"key": "token",
							"value": "{{api-token}}",
							"type": "string"
						}
					]
				},
				"method": "GET",
				"header": [
					{
						"key": "Accept",
						"value": "application/json",
						"type": "text"
					}
				],
				"url": {
					"raw": "{{douyin_host}}/api/user-fans?current_uid=1000023&target_uid=8002327&p=1",
					"host": [
						"{{douyin_host}}"
					],
					"path": [
						"api",
						"user-fans"
					],
					"query": [
						{
							"key": "current_uid",
							"value": "1000023"
						},
						{
							"key": "target_uid",
							"value": "8002327"
						},
						{
							"key": "p",
							"value": "1"
						}
					]
				}
			},
			"response": []
		},
		{
			"name": "粉丝数量",
			"request": {
				"auth": {
					"type": "bearer",
					"bearer": [
						{
							"key": "token",
							"value": "{{api-token}}",
							"type": "string"
						}
					]
				},
				"method": "GET",
				"header": [
					{
						"key": "Accept",
						"value": "application/json",
						"type": "text"
					}
				],
				"url": {
					"raw": "{{douyin_host}}/api/user-fans/count?target_uid=1000023",
					"host": [
						"{{douyin_host}}"
					],
					"path": [
						"api",
						"user-fans",
						"count"
					],
					"query": [
						{
							"key": "target_uid",
							"value": "1000023"
						}
					]
				}
			},
			"response": []
		},
		{
			"name": "关注数量",
			"request": {
				"auth": {
					"type": "bearer",
					"bearer": [
						{
							"key": "token",
							"value": "{{api-token}}",
							"type": "string"
						}
					]
				},
				"method": "GET",
				"header": [
					{
						"key": "Accept",
						"value": "application/json",
						"type": "text"
					}
				],
				"url": {
					"raw": "{{douyin_host}}/api/user-follow/count?target_uid=1000023",
					"host": [
						"{{douyin_host}}"
					],
					"path": [
						"api",
						"user-follow",
						"count"
					],
					"query": [
						{
							"key": "target_uid",
							"value": "1000023"
						}
					]
				}
			},
			"response": []
		},
		{
			"name": "开发环境-注册登陆",
			"event": [
				{
					"listen": "test",
					"script": {
						"id": "9f46c762-b49f-4d21-bea0-aab16bd78779",
						"exec": [
							"var _response = pm.response.json();",
							"console.log('api-token数据',_response.result.api_token);",
							"pm.environment.set(\"api-dev-token\",_response.result.api_token);"
						],
						"type": "text/javascript"
					}
				}
			],
			"request": {
				"auth": {
					"type": "bearer",
					"bearer": [
						{
							"key": "token",
							"value": "{{api-token}}",
							"type": "string"
						}
					]
				},
				"method": "POST",
				"header": [
					{
						"key": "Accept",
						"value": "application/json",
						"type": "text"
					}
				],
				"body": {
					"mode": "formdata",
					"formdata": [
						{
							"key": "device_code",
							"value": "test-0000-0006",
							"type": "text"
						},
						{
							"key": "avatar",
							"type": "file",
							"src": [],
							"disabled": true
						}
					]
				},
				"url": {
					"raw": "http://192.168.1.186:50004/api/register-device",
					"protocol": "http",
					"host": [
						"192",
						"168",
						"1",
						"186"
					],
					"port": "50004",
					"path": [
						"api",
						"register-device"
					]
				}
			},
			"response": []
		},
		{
			"name": "关注状态",
			"request": {
				"auth": {
					"type": "bearer",
					"bearer": [
						{
							"key": "token",
							"value": "{{api-token}}",
							"type": "string"
						}
					]
				},
				"method": "GET",
				"header": [],
				"url": {
					"raw": "{{douyin_host}}/api/user-follow/status?target_uid=4800023&current_uid=1000023",
					"host": [
						"{{douyin_host}}"
					],
					"path": [
						"api",
						"user-follow",
						"status"
					],
					"query": [
						{
							"key": "target_uid",
							"value": "4800023"
						},
						{
							"key": "current_uid",
							"value": "1000023"
						}
					]
				}
			},
			"response": []
		},
		{
			"name": "开发环境-关注列表",
			"request": {
				"auth": {
					"type": "bearer",
					"bearer": [
						{
							"key": "token",
							"value": "{{api-dev-token}}",
							"type": "string"
						}
					]
				},
				"method": "GET",
				"header": [
					{
						"key": "Accept",
						"value": "application/json",
						"type": "text"
					}
				],
				"url": {
					"raw": "http://192.168.1.186:50004/api/v1/user-follow?current_uid=1000023&target_uid=54512358&p=1",
					"protocol": "http",
					"host": [
						"192",
						"168",
						"1",
						"186"
					],
					"port": "50004",
					"path": [
						"api",
						"v1",
						"user-follow"
					],
					"query": [
						{
							"key": "current_uid",
							"value": "1000023"
						},
						{
							"key": "target_uid",
							"value": "54512358"
						},
						{
							"key": "p",
							"value": "1"
						}
					]
				}
			},
			"response": []
		},
		{
			"name": "头像上传",
			"request": {
				"auth": {
					"type": "bearer",
					"bearer": [
						{
							"key": "token",
							"value": "{{api-dev-token}}",
							"type": "string"
						}
					]
				},
				"method": "POST",
				"header": [
					{
						"key": "Accept",
						"value": "application/json",
						"type": "text"
					}
				],
				"body": {
					"mode": "formdata",
					"formdata": [
						{
							"key": "avatar",
							"value": null,
							"type": "file"
						}
					]
				},
				"url": {
					"raw": "http://192.168.1.186:50004/api/v1/user/avatar/upload",
					"protocol": "http",
					"host": [
						"192",
						"168",
						"1",
						"186"
					],
					"port": "50004",
					"path": [
						"api",
						"v1",
						"user",
						"avatar",
						"upload"
					]
				}
			},
			"response": []
		},
		{
			"name": "开发环境-头像上传",
			"request": {
				"auth": {
					"type": "bearer",
					"bearer": [
						{
							"key": "token",
							"value": "{{api-dev-token}}",
							"type": "string"
						}
					]
				},
				"method": "POST",
				"header": [
					{
						"key": "Accept",
						"value": "application/json",
						"type": "text"
					}
				],
				"body": {
					"mode": "formdata",
					"formdata": [
						{
							"key": "avatar",
							"value": null,
							"type": "file"
						}
					]
				},
				"url": {
					"raw": "http://192.168.1.186:50004/api/v1/user/avatar/upload",
					"protocol": "http",
					"host": [
						"192",
						"168",
						"1",
						"186"
					],
					"port": "50004",
					"path": [
						"api",
						"v1",
						"user",
						"avatar",
						"upload"
					]
				}
			},
			"response": []
		},
		{
			"name": "上传头像",
			"request": {
				"auth": {
					"type": "bearer",
					"bearer": [
						{
							"key": "token",
							"value": "{{api-dev-token}}",
							"type": "string"
						}
					]
				},
				"method": "POST",
				"header": [
					{
						"key": "Accept",
						"value": "application/json",
						"type": "text"
					}
				],
				"body": {
					"mode": "formdata",
					"formdata": [
						{
							"key": "avatar",
							"value": null,
							"type": "file"
						}
					]
				},
				"url": {
					"raw": "{{douyin_host}}/api/v1/user/avatar/upload",
					"host": [
						"{{douyin_host}}"
					],
					"path": [
						"api",
						"v1",
						"user",
						"avatar",
						"upload"
					]
				}
			},
			"response": []
		},
		{
			"name": "首页推荐展示",
			"request": {
				"auth": {
					"type": "bearer",
					"bearer": [
						{
							"key": "token",
							"value": "{{api-token}}",
							"type": "string"
						}
					]
				},
				"method": "GET",
				"header": [
					{
						"key": "Accept",
						"value": "application/json",
						"type": "text"
					}
				],
				"url": {
					"raw": "{{douyin_host}}/api/v1/video/home-ad",
					"host": [
						"{{douyin_host}}"
					],
					"path": [
						"api",
						"v1",
						"video",
						"home-ad"
					]
				}
			},
			"response": []
		},
		{
			"name": "首页推荐",
			"request": {
				"auth": {
					"type": "bearer",
					"bearer": [
						{
							"key": "token",
							"value": "{{api-token}}",
							"type": "string"
						}
					]
				},
				"method": "GET",
				"header": [
					{
						"key": "Accept",
						"value": "application/json",
						"type": "text"
					}
				],
				"url": {
					"raw": "{{douyin_host}}/api/v1/video/home-flow",
					"host": [
						"{{douyin_host}}"
					],
					"path": [
						"api",
						"v1",
						"video",
						"home-flow"
					]
				}
			},
			"response": []
		},
		{
			"name": "抖音获取版本信息",
			"request": {
				"method": "GET",
				"header": [
					{
						"key": "Accept",
						"value": "application/json",
						"type": "text"
					}
				],
				"url": {
					"raw": "http://192.168.1.186:50004/api/version?platform=A",
					"protocol": "http",
					"host": [
						"192",
						"168",
						"1",
						"186"
					],
					"port": "50004",
					"path": [
						"api",
						"version"
					],
					"query": [
						{
							"key": "platform",
							"value": "A"
						}
					]
				}
			},
			"response": []
		},
		{
			"name": "开发环境-首页推荐",
			"request": {
				"auth": {
					"type": "bearer",
					"bearer": [
						{
							"key": "token",
							"value": "a8e1c4fec8ab32d9bf9624a18a9e342d 55d6cbb64336e88.30364609",
							"type": "string"
						}
					]
				},
				"method": "GET",
				"header": [],
				"url": {
					"raw": "http://192.168.1.186:50004/api/v1/video/home-flow",
					"protocol": "http",
					"host": [
						"192",
						"168",
						"1",
						"186"
					],
					"port": "50004",
					"path": [
						"api",
						"v1",
						"video",
						"home-flow"
					]
				}
			},
			"response": []
		},
		{
			"name": "作品列表",
			"request": {
				"auth": {
					"type": "bearer",
					"bearer": [
						{
							"key": "token",
							"value": "{{api-token}}",
							"type": "string"
						}
					]
				},
				"method": "GET",
				"header": [],
				"url": {
					"raw": "{{douyin_host}}/api/v1/user/video/upload/lists?target_uid=0",
					"host": [
						"{{douyin_host}}"
					],
					"path": [
						"api",
						"v1",
						"user",
						"video",
						"upload",
						"lists"
					],
					"query": [
						{
							"key": "target_uid",
							"value": "0"
						}
					]
				}
			},
			"response": []
		},
		{
			"name": "用户信息",
			"request": {
				"auth": {
					"type": "bearer",
					"bearer": [
						{
							"key": "token",
							"value": "{{api-token}}",
							"type": "string"
						}
					]
				},
				"method": "GET",
				"header": [],
				"url": {
					"raw": "{{douyin_host}}/api/v1/user/info",
					"host": [
						"{{douyin_host}}"
					],
					"path": [
						"api",
						"v1",
						"user",
						"info"
					]
				}
			},
			"response": []
		},
		{
			"name": "首页推荐",
			"request": {
				"auth": {
					"type": "bearer",
					"bearer": [
						{
							"key": "token",
							"value": "{{api-token}}",
							"type": "string"
						}
					]
				},
				"method": "GET",
				"header": [
					{
						"key": "Accept",
						"value": "application/json",
						"type": "text"
					}
				],
				"url": {
					"raw": "{{douyin_host}}/api/v1/video/home-ad",
					"host": [
						"{{douyin_host}}"
					],
					"path": [
						"api",
						"v1",
						"video",
						"home-ad"
					]
				}
			},
			"response": []
		},
		{
			"name": "首页关注推荐",
			"request": {
				"auth": {
					"type": "bearer",
					"bearer": [
						{
							"key": "token",
							"value": "{{api-token}}",
							"type": "string"
						}
					]
				},
				"method": "GET",
				"header": [
					{
						"key": "Accept",
						"value": "application/json",
						"type": "text"
					}
				],
				"url": {
					"raw": "{{douyin_host}}/api/v1/video/home-flow",
					"host": [
						"{{douyin_host}}"
					],
					"path": [
						"api",
						"v1",
						"video",
						"home-flow"
					]
				}
			},
			"response": []
		},
		{
			"name": "提交评论",
			"request": {
				"auth": {
					"type": "bearer",
					"bearer": [
						{
							"key": "token",
							"value": "{{api-token}}",
							"type": "string"
						}
					]
				},
				"method": "POST",
				"header": [
					{
						"key": "Content-Type",
						"name": "Content-Type",
						"value": "application/x-www-form-urlencoded",
						"type": "text"
					}
				],
				"body": {
					"mode": "formdata",
					"formdata": [
						{
							"key": "video_id",
							"value": "101986",
							"type": "text"
						},
						{
							"key": "content",
							"value": "骚的一b",
							"type": "text"
						}
					]
				},
				"url": {
					"raw": "{{douyin_host}}api/v1/video/user/comment",
					"host": [
						"{{douyin_host}}api"
					],
					"path": [
						"v1",
						"video",
						"user",
						"comment"
					]
				}
			},
			"response": []
		},
		{
			"name": "活动列表",
			"request": {
				"auth": {
					"type": "bearer",
					"bearer": [
						{
							"key": "token",
							"value": "{{api-token}}",
							"type": "string"
						}
					]
				},
				"method": "GET",
				"header": [],
				"url": {
					"raw": "{{douyin_host}}/api/v2/activity/items",
					"host": [
						"{{douyin_host}}"
					],
					"path": [
						"api",
						"v2",
						"activity",
						"items"
					]
				}
			},
			"response": []
		},
		{
			"name": "抖音支付",
			"request": {
				"auth": {
					"type": "bearer",
					"bearer": [
						{
							"key": "token",
							"value": "{{api-token}}",
							"type": "string"
						}
					]
				},
				"method": "POST",
				"header": [
					{
						"key": "Accept",
						"value": "application/json",
						"type": "text"
					}
				],
				"body": {
					"mode": "formdata",
					"formdata": [
						{
							"key": "order_type",
							"value": "2",
							"type": "text"
						},
						{
							"key": "pay_type",
							"value": "alipay",
							"type": "text"
						},
						{
							"key": "vc_id",
							"value": "3",
							"type": "text"
						},
						{
							"key": "u_wc_id",
							"value": "0 ",
							"type": "text"
						},
						{
							"key": "device_type",
							"value": "android ",
							"type": "text"
						},
						{
							"key": "device_code",
							"value": "test-0000-00057",
							"type": "text"
						}
					]
				},
				"url": {
					"raw": "{{douyin_host}}/api/user/order/add",
					"host": [
						"{{douyin_host}}"
					],
					"path": [
						"api",
						"user",
						"order",
						"add"
					]
				}
			},
			"response": []
		},
		{
			"name": "视频上传服务",
			"request": {
				"method": "GET",
				"header": [],
				"url": {
					"raw": "http://192.168.1.186:8101",
					"protocol": "http",
					"host": [
						"192",
						"168",
						"1",
						"186"
					],
					"port": "8101"
				}
			},
			"response": []
		},
		{
			"name": "上传我的视频作品",
			"request": {
				"auth": {
					"type": "bearer",
					"bearer": [
						{
							"key": "token",
							"value": "2755e242b8ff579c17fc75b4588d8af7 65d75eb64e7f2c6.69570713",
							"type": "string"
						}
					]
				},
				"method": "POST",
				"header": [
					{
						"key": "Accept",
						"value": "application/json",
						"type": "text"
					},
					{
						"key": "Content-Type",
						"name": "Content-Type",
						"value": "application/x-www-form-urlencoded",
						"type": "text"
					}
				],
				"body": {
					"mode": "formdata",
					"formdata": [
						{
							"key": "title",
							"value": "tsdfsf",
							"type": "text"
						},
						{
							"key": "duration",
							"value": "16935",
							"type": "text"
						},
						{
							"key": "key_id",
							"value": "289",
							"type": "text"
						},
						{
							"key": "file_name",
							"value": " 0000000218",
							"type": "text"
						},
						{
							"key": "file_path",
							"value": " clip-242.mp4",
							"type": "text"
						},
						{
							"key": "cover_oss_filename",
							"value": "12d21cc976a2a99570659d4ba6e4d652ad729f5710.ceb",
							"type": "text"
						}
					]
				},
				"url": {
					"raw": "{{douyin_host}}/api/v1/video/upload/data",
					"host": [
						"{{douyin_host}}"
					],
					"path": [
						"api",
						"v1",
						"video",
						"upload",
						"data"
					]
				}
			},
			"response": []
		},
		{
			"name": "上传封面",
			"request": {
				"auth": {
					"type": "bearer",
					"bearer": [
						{
							"key": "token",
							"value": "2755e242b8ff579c17fc75b4588d8af7 65d75eb64e7f2c6.69570713",
							"type": "string"
						}
					]
				},
				"method": "POST",
				"header": [
					{
						"key": "Accept",
						"value": "application/json",
						"type": "text"
					}
				],
				"url": {
					"raw": "http://192.168.1.186:50004/api/v1/video/cover/upload",
					"protocol": "http",
					"host": [
						"192",
						"168",
						"1",
						"186"
					],
					"port": "50004",
					"path": [
						"api",
						"v1",
						"video",
						"cover",
						"upload"
					]
				}
			},
			"response": []
		},
		{
			"name": "45.114.172.88:8086/api/v1/accept",
			"request": {
				"auth": {
					"type": "bearer",
					"bearer": [
						{
							"key": "token",
							"value": " 4e474a37378efc527da37128abbea6f9 14760005d7cd4e507b127.48212009",
							"type": "string"
						}
					]
				},
				"method": "POST",
				"header": [],
				"body": {
					"mode": "formdata",
					"formdata": [
						{
							"key": "data",
							"value": "t99aN7Mtw49uANia0PnG88yJMDVPRDBiAyB28qvECunxbHii4PR0J6Na8hgGuexAhCtd88CeIt\\/fDOiixqD4rHyTPdVAp3wOTI1ce29Q2mw3DUiMwJmR5DhjEn35SU\\/0gitYkpBPuEptGJGMhQOmgoUtRN9zkYXRFZfn3cPA8XixO5JuYdlMg2PeXwvCwzqsnPBisSMt8Ca2A8JlRnSSTX4jhbe\\/U20L7SXyCEgoSmJARr3piAg\\/wgvzgysvg\\/4\\/7ubf7fOKrqROE07ujtU6PTdNu3Q9B2m1gXjI3mcz0nYbYUHbfS+XgG1cr5aN1CahyGq+4zcIFNr6G\\/Uyj49yom\\/RBN5DiUTUikxZxqoIlwY10MV7KD+sBjixSFZzMzOM",
							"type": "text"
						}
					]
				},
				"url": {
					"raw": "45.114.172.88:8086/api/v1/accept",
					"host": [
						"45",
						"114",
						"172",
						"88"
					],
					"port": "8086",
					"path": [
						"api",
						"v1",
						"accept"
					]
				}
			},
			"response": []
		},
		{
			"name": "话题评论点赞",
			"request": {
				"auth": {
					"type": "bearer",
					"bearer": [
						{
							"key": "token",
							"value": "a1d0836ba97153b4b46613d9adc027a2 3635da4d3ae9684f5.19394955",
							"type": "string"
						}
					]
				},
				"method": "POST",
				"header": [],
				"body": {
					"mode": "formdata",
					"formdata": [
						{
							"key": "comment_id",
							"value": "",
							"type": "text",
							"disabled": true
						}
					]
				},
				"url": {
					"raw": "{{douyin_host}}/api/v2/topic/comment-like",
					"host": [
						"{{douyin_host}}"
					],
					"path": [
						"api",
						"v2",
						"topic",
						"comment-like"
					]
				}
			},
			"response": []
		},
		{
			"name": "动态评论",
			"request": {
				"auth": {
					"type": "bearer",
					"bearer": [
						{
							"key": "token",
							"value": "{{api-token}}",
							"type": "string"
						}
					]
				},
				"method": "GET",
				"header": [],
				"url": {
					"raw": "{{douyin_host}}/api/v2/topic/comment",
					"host": [
						"{{douyin_host}}"
					],
					"path": [
						"api",
						"v2",
						"topic",
						"comment"
					]
				}
			},
			"response": []
		},
		{
			"name": "视频点赞",
			"request": {
				"auth": {
					"type": "bearer",
					"bearer": [
						{
							"key": "token",
							"value": "{{api-token}}",
							"type": "string"
						}
					]
				},
				"method": "POST",
				"header": [],
				"body": {
					"mode": "formdata",
					"formdata": [
						{
							"key": "video_id",
							"value": "6172",
							"type": "text"
						},
						{
							"key": "content",
							"value": "test-bask",
							"type": "text"
						},
						{
							"key": "comment_id",
							"value": "396",
							"type": "text"
						}
					]
				},
				"url": {
					"raw": "{{douyin_host}}/api/v2/video/comment",
					"host": [
						"{{douyin_host}}"
					],
					"path": [
						"api",
						"v2",
						"video",
						"comment"
					]
				}
			},
			"response": []
		},
		{
			"name": "动态审核-后台",
			"request": {
				"method": "POST",
				"header": [
					{
						"key": "Host",
						"value": " web.admin-douyin.dev.0nt1.com",
						"type": "text"
					},
					{
						"key": "User-Agent",
						"value": " Mozilla/5.0 (Macintosh; Intel Mac OS X 10.14; rv:68.0) Gecko/20100101 Firefox/68.0",
						"type": "text"
					},
					{
						"key": "Accept-Language",
						"value": " zh-CN,zh;q=0.8,zh-TW;q=0.7,zh-HK;q=0.5,en-US;q=0.3,en;q=0.2",
						"type": "text"
					},
					{
						"key": "Accept-Encoding",
						"value": " gzip, deflate",
						"type": "text"
					},
					{
						"key": "Content-Type",
						"value": " application/json;charset=utf-8",
						"type": "text"
					},
					{
						"key": "Content-Length",
						"value": " 12",
						"type": "text"
					},
					{
						"key": "Connection",
						"value": " keep-alive",
						"type": "text"
					},
					{
						"key": "Referer",
						"value": " http://web.admin-douyin.dev.0nt1.com/dynamic/grid",
						"type": "text"
					},
					{
						"key": "Cookie",
						"value": " laravel_session=W0BIw2epEksQT9Qe942bEnKcXJP2XK2TIMSFvCQg",
						"type": "text"
					}
				],
				"url": {
					"raw": "http://web.admin-douyin.dev.0nt1.com/api/admin/dynamic/check/46",
					"protocol": "http",
					"host": [
						"web",
						"admin-douyin",
						"dev",
						"0nt1",
						"com"
					],
					"path": [
						"api",
						"admin",
						"dynamic",
						"check",
						"46"
					]
				}
			},
			"response": []
		},
		{
			"name": "动态列表",
			"request": {
				"auth": {
					"type": "bearer",
					"bearer": [
						{
							"key": "token",
							"value": "358f0d6ff178dc5c7aef25fd7362cf6c 3635da8203ad38c60.68718101",
							"type": "string"
						}
					]
				},
				"method": "GET",
				"header": [],
				"url": {
					"raw": "{{douyin_host}}/api/v2/topic/user?page=1&is_recommend=0&is_attention=0&limit=15&uid=-1&type=1&order=created_at&topic_id=1",
					"host": [
						"{{douyin_host}}"
					],
					"path": [
						"api",
						"v2",
						"topic",
						"user"
					],
					"query": [
						{
							"key": "page",
							"value": "1"
						},
						{
							"key": "is_recommend",
							"value": "0"
						},
						{
							"key": "is_attention",
							"value": "0"
						},
						{
							"key": "limit",
							"value": "15"
						},
						{
							"key": "uid",
							"value": "-1"
						},
						{
							"key": "type",
							"value": "1"
						},
						{
							"key": "order",
							"value": "created_at"
						},
						{
							"key": "topic_id",
							"value": "1"
						}
					]
				}
			},
			"response": []
		},
		{
			"name": "预测试-用户信息",
			"protocolProfileBehavior": {
				"disableBodyPruning": true
			},
			"request": {
				"method": "GET",
				"header": [
					{
						"key": "Accept",
						"value": "application/json",
						"type": "text"
					}
				],
				"body": {
					"mode": "urlencoded",
					"urlencoded": []
				},
				"url": {
					"raw": "http://154.206.46.180:8084/api/v2/user/info",
					"protocol": "http",
					"host": [
						"154",
						"206",
						"46",
						"180"
					],
					"port": "8084",
					"path": [
						"api",
						"v2",
						"user",
						"info"
					]
				}
			},
			"response": []
		},
		{
			"name": "预测试-用户注册设备",
			"request": {
				"method": "POST",
				"header": [],
				"body": {
					"mode": "formdata",
					"formdata": [
						{
							"key": "device_code",
							"value": "test-0000-0445",
							"type": "text"
						},
						{
							"key": "type",
							"value": "1",
							"type": "text",
							"disabled": true
						},
						{
							"key": "password",
							"value": "",
							"type": "text",
							"disabled": true
						},
						{
							"key": "verification_key",
							"value": "",
							"type": "text",
							"disabled": true
						},
						{
							"key": "code",
							"value": "",
							"type": "text",
							"disabled": true
						}
					]
				},
				"url": {
					"raw": "http://154.206.46.180:8084/api/v2/register-device",
					"protocol": "http",
					"host": [
						"154",
						"206",
						"46",
						"180"
					],
					"port": "8084",
					"path": [
						"api",
						"v2",
						"register-device"
					]
				}
			},
			"response": []
		},
		{
			"name": "预测试-解密",
			"request": {
				"method": "POST",
				"header": [
					{
						"key": "Accept",
						"value": "application/json",
						"type": "text"
					},
					{
						"key": "Content-Type",
						"name": "Content-Type",
						"value": "application/x-www-form-urlencoded",
						"type": "text"
					}
				],
				"body": {
					"mode": "formdata",
					"formdata": [
						{
							"key": "data",
							"value": "dcaiVbXxLAWbmVl6NP6rfBHfk1XaBSYNBZJQHHjm%2BfwdjiSw7Ueu06nMIC5vZxZ%2BqmySehnDsLwuYNMgNHXurp6wH3glM8hGHXcSXTsts5t7ZGqri6bdwHSWf0qI%2BlJf778NCVOGbjOMkQR1QWCgRE9B4wYGAb4AU2pX1N2GEMJaMLDpVMcOVnKU526GVncSWJ2ag54kRMP%2BNuHSdctm%2F0Sr2kiBp9Qx7x6IIdyQhzQx13TLH7lkZJhX589ljLdHzJTGngYjPmUD%2FQv1MyULVdSsdOCABDe%2BafXoM5uPRunzRk1i0Qp8wm3zF2kYdgd%2FQjkvlmjuSy1yB9wnMu3kNgzDiOAdx2quARGYU6gdtfaISTQKdb6Y%2FJMxrzI9t6vRdQILU62Vp2kfX%2BWpJ%2B3NeiZpj%2B3Uyf6AMANSA3P7GLJJo4SbDxq9ePDFzFfDYfUHp9WcqtnH6VSj1D4pwaIZHBPuwuGUZeKAHRa5yPBPktEO8w6sj9CxAqj5GyHnASgBFm2tc6ft77feD06PuYRuPPABo9FvSDtqq7%2Fk28HO4ZURPXeAzVAzHZIoY2CN8Pr812ox1Czo%2B%2Fl4aTGGoAD7aDO%2FBsWhMT6mYXzo8wqgPXoS41tGilLdXqBTvuyYxE41u7ykI9tUFHOwWDqCGd2Fi0PD2%2FAan4h%2BPoHk2%2BauCaUWqLLR9uFOfnzxjieIA2%2BCwqYHikvRGZrfM31EzBAyLQ8ZmSysizMgcUb8xPVUZQjUE5wiEyBa8tUR45XAz6cGIeZKDkNULsNOmtc1Yi1ddenbSOQyif2DKkk3ATyEjXmuUSxnWAJX%2BWlH%2Fneqie%2FZv2KyAuaYWiuxOXneOLRwhNKyURMCciAaT8BoUu2uiYn%2Bc3s1xoBYwUEBvH5WVnxsFkZtVndLur7b8lP0yFqseC02HZg1Lg%2F8AstnpHyMpW3coYVQFtyzbJGJ0akGBBfySIwNkTsMxbcx1A85Odt1VZZdTR7r99sLPkuvpiZd3MRELYfVyO4BRj4iA59NAOnBSDdC5W0EHFUohOXUnS5rnVeLp0v32q730CmV5uBo89zJIRvuX%2BhR%2BdztYI7Q72kXz88FZ%2FzKQoGmTJTz%2FHK7aKtOx%2F8Higt0r%2Bfo59DgkGxhCxT2DzYyMXtmHpBP4kHR12i49MR%2Fs89bI9A8jm6ECxJjYAHeURUHExhiLyQfODOlVJa%2B70ZDiYsE85YSCEdL7%2BB8OQyWk5sKaoVyfg3nb5FsRDvd5l8B1bH6OThpWChFrW1NOpCf4Aij0y76JP58JDqmE%2Fn1D8n3g86OFbereqGIqEeprSQ%2Bv4G%2F67Td6WIU%2FoLK5Bjifcxf6PWRTaKS8ja1C233Wvhlka3xVKFxSHQdqpMZdbDQIs%2F6cI27JZxDdwTbEqeDiGgpFxXdMXkHgNKsmyieHGxQdUDxHl5ksjty47ZRhDPdz%2BmqJ3faexokbPHDt2LI7eXpH%2BDet6jkH2Xd6LBgN%2B48PBwO%2BS1zwfYMUVY3bWIrtEVusHtqlcmlzHr%2FiBlzXYTxc%2B2mJMbb",
							"type": "text"
						}
					]
				},
				"url": {
					"raw": "{{douyin_host}}/api/v2/accept",
					"host": [
						"{{douyin_host}}"
					],
					"path": [
						"api",
						"v2",
						"accept"
					]
				}
			},
			"response": []
		},
		{
			"name": "带参数获取用户数据",
			"protocolProfileBehavior": {
				"disableBodyPruning": true
			},
			"request": {
				"method": "GET",
				"header": [
					{
						"key": "Host",
						"value": " web.admin-douyin.dev.0nt1.com",
						"type": "text"
					},
					{
						"key": "User-Agent",
						"value": " Mozilla/5.0 (Macintosh; Intel Mac OS X 10.14; rv:68.0) Gecko/20100101 Firefox/68.0",
						"type": "text"
					},
					{
						"key": "Accept",
						"value": " application/json, text/plain, */*",
						"type": "text"
					},
					{
						"key": "Accept-Language",
						"value": " zh-CN,zh;q=0.8,zh-TW;q=0.7,zh-HK;q=0.5,en-US;q=0.3,en;q=0.2",
						"type": "text"
					},
					{
						"key": "Accept-Encoding",
						"value": " gzip, deflate",
						"type": "text"
					},
					{
						"key": "Content-Type",
						"value": " application/json;charset=utf-8",
						"type": "text"
					},
					{
						"key": "Content-Length",
						"value": " 24",
						"type": "text"
					},
					{
						"key": "Connection",
						"value": " keep-alive",
						"type": "text"
					},
					{
						"key": "Referer",
						"value": " http://web.admin-douyin.dev.0nt1.com/wallet-user/grid",
						"type": "text"
					},
					{
						"key": "Cookie",
						"value": " laravel_session=7RPLd51rwq7pQ4dWBxQQqPNNntKZmBYzklbZGPxo",
						"type": "text"
					}
				],
				"body": {
					"mode": "raw",
					"raw": "{\"nikename\":\"童琼腾\"}"
				},
				"url": {
					"raw": "http://web.admin-douyin.dev.0nt1.com/api/admin/user/wallet/lists/10/1/id/DESC/complex",
					"protocol": "http",
					"host": [
						"web",
						"admin-douyin",
						"dev",
						"0nt1",
						"com"
					],
					"path": [
						"api",
						"admin",
						"user",
						"wallet",
						"lists",
						"10",
						"1",
						"id",
						"DESC",
						"complex"
					]
				}
			},
			"response": []
		},
		{
			"name": "推荐话题",
			"request": {
				"auth": {
					"type": "bearer",
					"bearer": [
						{
							"key": "token",
							"value": "17a42444c7c17a124d30b463c1dcdaf5 40204545dccd556116d24.27060435",
							"type": "string"
						}
					]
				},
				"method": "GET",
				"header": [],
				"url": {
					"raw": "{{douyin_host}}/api/v2/recommend/topic",
					"host": [
						"{{douyin_host}}"
					],
					"path": [
						"api",
						"v2",
						"recommend",
						"topic"
					]
				}
			},
			"response": []
		},
		{
			"name": "推荐动态",
			"request": {
				"method": "GET",
				"header": [],
				"url": {
					"raw": "{{douyin_host}}/api/v2/recommend/dynamic",
					"host": [
						"{{douyin_host}}"
					],
					"path": [
						"api",
						"v2",
						"recommend",
						"dynamic"
					]
				}
			},
			"response": []
		},
		{
			"name": "推荐用户",
			"request": {
				"auth": {
					"type": "bearer",
					"bearer": [
						{
							"key": "token",
							"value": "{{api-token}}",
							"type": "string"
						}
					]
				},
				"method": "GET",
				"header": [],
				"url": {
					"raw": "{{douyin_host}}/api/v2/recommend/user?page=2&limit=10",
					"host": [
						"{{douyin_host}}"
					],
					"path": [
						"api",
						"v2",
						"recommend",
						"user"
					],
					"query": [
						{
							"key": "page",
							"value": "2"
						},
						{
							"key": "limit",
							"value": "10"
						}
					]
				}
			},
			"response": []
		}
	]
}