{
	"info": {
		"_postman_id": "c175a4c2-85db-4215-a166-9b2d3198386c",
		"name": "爱奇艺-API",
		"schema": "https://schema.getpostman.com/json/collection/v2.1.0/collection.json"
	},
	"item": [
		{
			"name": "公共",
			"item": [
				{
					"name": "版本更新",
					"request": {
						"method": "POST",
						"header": [
							{
								"key": "Content-Type",
								"name": "Content-Type",
								"value": "application/x-www-form-urlencoded",
								"type": "text"
							},
							{
								"key": "Accept",
								"value": "application/json",
								"type": "text"
							},
							{
								"key": "Authorization",
								"value": "Bearer 43e94232204800b5c3225aac04656af1 1085d303b7b752b26.77167971",
								"type": "text"
							}
						],
						"body": {
							"mode": "urlencoded",
							"urlencoded": [
								{
									"key": "platform",
									"value": "A",
									"type": "text"
								}
							]
						},
						"url": {
							"raw": "{{host}}/api/common/version",
							"host": [
								"{{host}}"
							],
							"path": [
								"api",
								"common",
								"version"
							]
						}
					},
					"response": []
				},
				{
					"name": "\b设备号注册",
					"request": {
						"method": "POST",
						"header": [
							{
								"key": "Content-Type",
								"name": "Content-Type",
								"value": "application/x-www-form-urlencoded",
								"type": "text"
							},
							{
								"key": "Accept",
								"value": "application/json",
								"type": "text"
							},
							{
								"key": "platform",
								"value": "A",
								"type": "text"
							},
							{
								"key": "device-id",
								"value": "test-0000-0006",
								"type": "text"
							}
						],
						"body": {
							"mode": "urlencoded",
							"urlencoded": [
								{
									"key": "invite_code",
									"value": "6UYZ7#official#qrcode",
									"type": "text"
								}
							]
						},
						"url": {
							"raw": "{{host}}/api/common/register-device",
							"host": [
								"{{host}}"
							],
							"path": [
								"api",
								"common",
								"register-device"
							]
						}
					},
					"response": []
				},
				{
					"name": "公共信息",
					"request": {
						"method": "POST",
						"header": [
							{
								"key": "Content-Type",
								"value": "application/x-www-form-urlencoded",
								"type": "text"
							},
							{
								"key": "Accept",
								"value": "application/json",
								"type": "text"
							},
							{
								"key": "Authorization",
								"value": "Bearer 43e94232204800b5c3225aac04656af1 1085d303b7b752b26.77167971",
								"type": "text"
							}
						],
						"body": {
							"mode": "raw",
							"raw": ""
						},
						"url": {
							"raw": "{{host}}/api/common/notice",
							"host": [
								"{{host}}"
							],
							"path": [
								"api",
								"common",
								"notice"
							]
						}
					},
					"response": []
				},
				{
					"name": "发送短信验证码",
					"request": {
						"method": "POST",
						"header": [
							{
								"key": "Content-Type",
								"name": "Content-Type",
								"value": "application/x-www-form-urlencoded",
								"type": "text"
							},
							{
								"key": "Accept",
								"value": "application/json",
								"type": "text"
							},
							{
								"key": "Authorization",
								"value": "Bearer 43e94232204800b5c3225aac04656af1 1085d303b7b752b26.77167971",
								"type": "text"
							}
						],
						"body": {
							"mode": "urlencoded",
							"urlencoded": [
								{
									"key": "mobile",
									"value": "18200100601",
									"type": "text"
								}
							]
						},
						"url": {
							"raw": "{{host}}/api/common/verify-code",
							"host": [
								"{{host}}"
							],
							"path": [
								"api",
								"common",
								"verify-code"
							]
						}
					},
					"response": []
				},
				{
					"name": "开机动画",
					"request": {
						"method": "POST",
						"header": [
							{
								"key": "Content-Type",
								"value": "application/x-www-form-urlencoded",
								"type": "text"
							},
							{
								"key": "Accept",
								"value": "application/json",
								"type": "text"
							},
							{
								"key": "Authorization",
								"value": "Bearer 43e94232204800b5c3225aac04656af1 1085d303b7b752b26.77167971",
								"type": "text",
								"disabled": true
							}
						],
						"body": {
							"mode": "raw",
							"raw": ""
						},
						"url": {
							"raw": "{{host}}/api/common/startup",
							"host": [
								"{{host}}"
							],
							"path": [
								"api",
								"common",
								"startup"
							]
						}
					},
					"response": []
				},
				{
					"name": "开发环境-设备号注册",
					"request": {
						"method": "POST",
						"header": [
							{
								"key": "Content-Type",
								"value": "application/x-www-form-urlencoded",
								"type": "text"
							},
							{
								"key": "Accept",
								"value": "application/json",
								"type": "text"
							},
							{
								"key": "platform",
								"value": "A",
								"type": "text"
							},
							{
								"key": "device-id",
								"value": "test-0000-0006",
								"type": "text"
							}
						],
						"body": {
							"mode": "formdata",
							"formdata": [
								{
									"key": "invite_code",
									"value": "6UYZ7#official#qrcode",
									"type": "text"
								}
							]
						},
						"url": {
							"raw": "http://192.168.1.186:50016/api/common/register-device",
							"protocol": "http",
							"host": [
								"192",
								"168",
								"1",
								"186"
							],
							"port": "50016",
							"path": [
								"api",
								"common",
								"register-device"
							]
						}
					},
					"response": []
				},
				{
					"name": "广告中心",
					"request": {
						"method": "GET",
						"header": [
							{
								"key": "Host",
								"value": " web.admin-asy.dev.0nt1.com",
								"type": "text"
							},
							{
								"key": "User-Agent",
								"value": " Mozilla/5.0 (Macintosh; Intel Mac OS X 10.14; rv:68.0) Gecko/20100101 Firefox/68.0",
								"type": "text"
							},
							{
								"key": "Accept",
								"value": " application/json, text/plain, */*",
								"type": "text"
							},
							{
								"key": "Accept-Language",
								"value": " zh-CN,zh;q=0.8,zh-TW;q=0.7,zh-HK;q=0.5,en-US;q=0.3,en;q=0.2",
								"type": "text"
							},
							{
								"key": "Accept-Encoding",
								"value": " gzip, deflate",
								"type": "text"
							},
							{
								"key": "Connection",
								"value": " keep-alive",
								"type": "text"
							},
							{
								"key": "Referer",
								"value": " http://web.admin-asy.dev.0nt1.com/ad/info/grid",
								"type": "text"
							},
							{
								"key": "Cookie",
								"value": " UM_distinctid=16cfe3a2eb3457-05e625f11cd445-4a5a67-1aeaa0-16cfe3a2eb462b; laravel_session=TroReuzu5g2OnN9z45RqulElLwrufSxw3tYoliS3",
								"type": "text"
							},
							{
								"key": "Pragma",
								"value": " no-cache",
								"type": "text"
							},
							{
								"key": "Cache-Control",
								"value": " no-cache",
								"type": "text"
							}
						],
						"url": {
							"raw": "http://web.admin-asy.dev.0nt1.com/api/admin/ad/list/30/1/id/desc/complex",
							"protocol": "http",
							"host": [
								"web",
								"admin-asy",
								"dev",
								"0nt1",
								"com"
							],
							"path": [
								"api",
								"admin",
								"ad",
								"list",
								"30",
								"1",
								"id",
								"desc",
								"complex"
							]
						}
					},
					"response": []
				}
			]
		},
		{
			"name": "用户",
			"item": [
				{
					"name": "用户详情",
					"request": {
						"method": "POST",
						"header": [
							{
								"key": "Content-Type",
								"name": "Content-Type",
								"value": "application/x-www-form-urlencoded",
								"type": "text"
							},
							{
								"key": "Accept",
								"value": "application/json",
								"type": "text"
							},
							{
								"key": "Authorization",
								"value": "Bearer 55c5a29a3500bddc9757faffafc9acf2 1105d30459269b312.25603372",
								"type": "text"
							}
						],
						"url": {
							"raw": "{{host}}/api/user/info",
							"host": [
								"{{host}}"
							],
							"path": [
								"api",
								"user",
								"info"
							]
						}
					},
					"response": []
				},
				{
					"name": "服务者-贴标签",
					"request": {
						"auth": {
							"type": "bearer",
							"bearer": [
								{
									"key": "token",
									"value": "{{jwt-token}}",
									"type": "string"
								}
							]
						},
						"method": "POST",
						"header": [
							{
								"key": "Accept",
								"value": "application/x.appt.v2+json",
								"type": "text"
							}
						],
						"body": {
							"mode": "formdata",
							"formdata": [
								{
									"key": "uid",
									"value": "10002",
									"type": "text"
								},
								{
									"key": "tags",
									"value": "[40096,40097,40100]",
									"type": "text"
								}
							]
						},
						"url": {
							"raw": "{{appt_host}}/servant/labelld",
							"host": [
								"{{appt_host}}"
							],
							"path": [
								"servant",
								"labelld"
							]
						}
					},
					"response": []
				},
				{
					"name": "我的邀请用户列表",
					"request": {
						"method": "POST",
						"header": [
							{
								"key": "Content-Type",
								"value": "application/x-www-form-urlencoded",
								"type": "text"
							},
							{
								"key": "Accept",
								"value": "application/json",
								"type": "text"
							},
							{
								"key": "Authorization",
								"value": "Bearer 8f07678b632bcb93686951a2fc33afa5 1175d30735fa35698.59804651",
								"type": "text"
							}
						],
						"body": {
							"mode": "raw",
							"raw": ""
						},
						"url": {
							"raw": "{{host}}/api/user/invite-list",
							"host": [
								"{{host}}"
							],
							"path": [
								"api",
								"user",
								"invite-list"
							]
						}
					},
					"response": []
				},
				{
					"name": "用户任务及邀请规则列表",
					"request": {
						"method": "POST",
						"header": [
							{
								"key": "Content-Type",
								"value": "application/x-www-form-urlencoded",
								"type": "text"
							},
							{
								"key": "Accept",
								"value": "application/json",
								"type": "text"
							},
							{
								"key": "Authorization",
								"value": "Bearer 3b887b70fa05bdbdf851ee1a1db739c5 1395d3bfa6751c9c4.32124828",
								"type": "text"
							}
						],
						"body": {
							"mode": "raw",
							"raw": ""
						},
						"url": {
							"raw": "{{host}}/api/user/task",
							"host": [
								"{{host}}"
							],
							"path": [
								"api",
								"user",
								"task"
							]
						}
					},
					"response": []
				},
				{
					"name": "保存身份卡",
					"request": {
						"method": "POST",
						"header": [
							{
								"key": "Content-Type",
								"value": "application/x-www-form-urlencoded",
								"type": "text"
							},
							{
								"key": "Accept",
								"value": "application/json",
								"type": "text"
							},
							{
								"key": "Authorization",
								"value": "Bearer b3a5ab2282e48462800bee12aed76317 1175d306ea6f036e7.59626839",
								"type": "text"
							}
						],
						"body": {
							"mode": "raw",
							"raw": ""
						},
						"url": {
							"raw": "{{host}}/api/user/save-card",
							"host": [
								"{{host}}"
							],
							"path": [
								"api",
								"user",
								"save-card"
							]
						}
					},
					"response": []
				},
				{
					"name": "用户评论提交",
					"request": {
						"auth": {
							"type": "bearer",
							"bearer": [
								{
									"key": "token",
									"value": "{{jwt-token}}",
									"type": "string"
								}
							]
						},
						"method": "POST",
						"header": [
							{
								"key": "Accept",
								"value": "application/x.appt.v2+json",
								"type": "text"
							}
						],
						"body": {
							"mode": "formdata",
							"formdata": [
								{
									"key": "from_uid",
									"value": "10001",
									"type": "text"
								},
								{
									"key": "to_uid",
									"value": "10002",
									"type": "text"
								}
							]
						},
						"url": {
							"raw": "{{appt_host}}/comment/add",
							"host": [
								"{{appt_host}}"
							],
							"path": [
								"comment",
								"add"
							]
						}
					},
					"response": []
				},
				{
					"name": "绑定手机号",
					"request": {
						"method": "POST",
						"header": [
							{
								"key": "Content-Type",
								"name": "Content-Type",
								"value": "application/x-www-form-urlencoded",
								"type": "text"
							},
							{
								"key": "Accept",
								"value": "application/json",
								"type": "text"
							},
							{
								"key": "Authorization",
								"value": "Bearer b3a5ab2282e48462800bee12aed76317 1175d306ea6f036e7.59626839",
								"type": "text"
							}
						],
						"body": {
							"mode": "urlencoded",
							"urlencoded": [
								{
									"key": "mobile",
									"value": "18200100603",
									"type": "text"
								},
								{
									"key": "verification_key",
									"value": "sadsaa",
									"type": "text"
								},
								{
									"key": "code",
									"value": "6856",
									"type": "text"
								}
							]
						},
						"url": {
							"raw": "{{host}}/api/user/bind-mobile",
							"host": [
								"{{host}}"
							],
							"path": [
								"api",
								"user",
								"bind-mobile"
							]
						}
					},
					"response": []
				}
			]
		},
		{
			"name": "反馈",
			"item": [
				{
					"name": "反馈关键词列表",
					"request": {
						"method": "POST",
						"header": [
							{
								"key": "Content-Type",
								"value": "application/x-www-form-urlencoded",
								"type": "text"
							},
							{
								"key": "Accept",
								"value": "application/json",
								"type": "text"
							},
							{
								"key": "Authorization",
								"value": "Bearer 2c60e34af23624dc7d278f193b7f70c4 1095d30442ea744d0.57056454",
								"type": "text"
							}
						],
						"body": {
							"mode": "raw",
							"raw": ""
						},
						"url": {
							"raw": "{{host}}/api/feed/list",
							"host": [
								"{{host}}"
							],
							"path": [
								"api",
								"feed",
								"list"
							]
						}
					},
					"response": []
				},
				{
					"name": "反馈-问题创建",
					"request": {
						"method": "POST",
						"header": [
							{
								"key": "Content-Type",
								"name": "Content-Type",
								"value": "application/x-www-form-urlencoded",
								"type": "text"
							},
							{
								"key": "Accept",
								"value": "application/json",
								"type": "text"
							},
							{
								"key": "Authorization",
								"value": "Bearer 2c60e34af23624dc7d278f193b7f70c4 1095d30442ea744d0.57056454",
								"type": "text"
							}
						],
						"body": {
							"mode": "urlencoded",
							"urlencoded": [
								{
									"key": "remark",
									"value": "这个有问题",
									"type": "text"
								},
								{
									"key": "keys",
									"value": "[\"video_load_slow\"]",
									"type": "text"
								}
							]
						},
						"url": {
							"raw": "{{host}}/api/feed/create",
							"host": [
								"{{host}}"
							],
							"path": [
								"api",
								"feed",
								"create"
							]
						}
					},
					"response": []
				}
			]
		},
		{
			"name": "支付",
			"item": [
				{
					"name": "充值及支付及图标列表",
					"request": {
						"method": "POST",
						"header": [
							{
								"key": "Content-Type",
								"value": "application/x-www-form-urlencoded",
								"type": "text"
							},
							{
								"key": "Accept",
								"value": "application/json",
								"type": "text"
							},
							{
								"key": "Authorization",
								"value": "Bearer 4af53951cc3fa50158d71a4d28ae00ac 1385d3bce58a60459.95464656",
								"type": "text"
							}
						],
						"body": {
							"mode": "raw",
							"raw": ""
						},
						"url": {
							"raw": "{{host}}/api/recharge/list",
							"host": [
								"{{host}}"
							],
							"path": [
								"api",
								"recharge",
								"list"
							]
						}
					},
					"response": []
				},
				{
					"name": "订单创建",
					"request": {
						"method": "POST",
						"header": [
							{
								"key": "Content-Type",
								"name": "Content-Type",
								"value": "application/x-www-form-urlencoded",
								"type": "text"
							},
							{
								"key": "Accept",
								"value": "application/json",
								"type": "text"
							},
							{
								"key": "Authorization",
								"value": "Bearer 2731e64f7b086f0ea66e26f450d01e2f 1435d3ea356a24b70.23194194",
								"type": "text"
							}
						],
						"body": {
							"mode": "urlencoded",
							"urlencoded": [
								{
									"key": "device_type",
									"value": "android",
									"type": "text"
								},
								{
									"key": "device_code",
									"value": "test-0000-0002",
									"type": "text"
								},
								{
									"key": "pay_type",
									"value": "alipay",
									"type": "text"
								},
								{
									"key": "recharge_id",
									"value": "2",
									"type": "text"
								}
							]
						},
						"url": {
							"raw": "{{host}}/api/order/add",
							"host": [
								"{{host}}"
							],
							"path": [
								"api",
								"order",
								"add"
							]
						}
					},
					"response": []
				},
				{
					"name": "订单列表",
					"request": {
						"method": "POST",
						"header": [
							{
								"key": "Content-Type",
								"value": "application/x-www-form-urlencoded",
								"type": "text"
							},
							{
								"key": "Accept",
								"value": "application/json",
								"type": "text"
							},
							{
								"key": "Authorization",
								"value": "Bearer 2c60e34af23624dc7d278f193b7f70c4 1095d30442ea744d0.57056454",
								"type": "text"
							}
						],
						"body": {
							"mode": "raw",
							"raw": ""
						},
						"url": {
							"raw": "{{host}}/api/order/list",
							"host": [
								"{{host}}"
							],
							"path": [
								"api",
								"order",
								"list"
							]
						}
					},
					"response": []
				},
				{
					"name": "用户订单购买历史",
					"request": {
						"method": "POST",
						"header": [
							{
								"key": "Content-Type",
								"value": "application/x-www-form-urlencoded",
								"type": "text"
							},
							{
								"key": "Accept",
								"value": "application/json",
								"type": "text"
							},
							{
								"key": "Authorization",
								"value": "Bearer 2c60e34af23624dc7d278f193b7f70c4 1095d30442ea744d0.57056454",
								"type": "text"
							}
						],
						"body": {
							"mode": "raw",
							"raw": ""
						},
						"url": {
							"raw": "{{host}}/api/order/list",
							"host": [
								"{{host}}"
							],
							"path": [
								"api",
								"order",
								"list"
							]
						}
					},
					"response": []
				},
				{
					"name": "支付类型选择",
					"request": {
						"method": "POST",
						"header": [
							{
								"key": "Content-Type",
								"name": "Content-Type",
								"value": "application/x-www-form-urlencoded",
								"type": "text"
							},
							{
								"key": "Accept",
								"value": "application/json",
								"type": "text"
							},
							{
								"key": "Authorization",
								"value": "Bearer 2c60e34af23624dc7d278f193b7f70c4 1095d30442ea744d0.57056454",
								"type": "text"
							}
						],
						"body": {
							"mode": "urlencoded",
							"urlencoded": [
								{
									"key": "amount",
									"value": "400",
									"type": "text"
								}
							]
						},
						"url": {
							"raw": "{{host}}/api/recharge/pay-list",
							"host": [
								"{{host}}"
							],
							"path": [
								"api",
								"recharge",
								"pay-list"
							]
						}
					},
					"response": []
				}
			]
		},
		{
			"name": "系列",
			"item": [
				{
					"name": "系列-详情",
					"request": {
						"method": "POST",
						"header": [
							{
								"key": "Content-Type",
								"name": "Content-Type",
								"value": "application/x-www-form-urlencoded",
								"type": "text"
							},
							{
								"key": "Accept",
								"value": "application/json",
								"type": "text"
							},
							{
								"key": "Authorization",
								"value": "Bearer 2c60e34af23624dc7d278f193b7f70c4 1095d30442ea744d0.57056454",
								"type": "text"
							}
						],
						"body": {
							"mode": "urlencoded",
							"urlencoded": [
								{
									"key": "special_id",
									"value": "1",
									"type": "text"
								}
							]
						},
						"url": {
							"raw": "{{host}}/api/video/special-info",
							"host": [
								"{{host}}"
							],
							"path": [
								"api",
								"video",
								"special-info"
							]
						}
					},
					"response": []
				},
				{
					"name": "系列-大列表",
					"request": {
						"method": "POST",
						"header": [
							{
								"key": "Content-Type",
								"name": "Content-Type",
								"value": "application/x-www-form-urlencoded",
								"type": "text"
							},
							{
								"key": "Accept",
								"value": "application/json",
								"type": "text"
							},
							{
								"key": "Authorization",
								"value": "Bearer 2c60e34af23624dc7d278f193b7f70c4 1095d30442ea744d0.57056454",
								"type": "text"
							}
						],
						"body": {
							"mode": "urlencoded",
							"urlencoded": [
								{
									"key": "page",
									"value": "2",
									"type": "text"
								},
								{
									"key": "limit",
									"value": "4",
									"type": "text"
								}
							]
						},
						"url": {
							"raw": "{{host}}/api/video/special-list",
							"host": [
								"{{host}}"
							],
							"path": [
								"api",
								"video",
								"special-list"
							]
						}
					},
					"response": []
				}
			]
		},
		{
			"name": "视频",
			"item": [
				{
					"name": "视频列表及筛选",
					"request": {
						"method": "POST",
						"header": [
							{
								"key": "Content-Type",
								"name": "Content-Type",
								"value": "application/x-www-form-urlencoded",
								"type": "text"
							},
							{
								"key": "Accept",
								"value": "application/json",
								"type": "text"
							},
							{
								"key": "Authorization",
								"value": "Bearer 3b887b70fa05bdbdf851ee1a1db739c5 1395d3bfa6751c9c4.32124828",
								"type": "text"
							}
						],
						"body": {
							"mode": "urlencoded",
							"urlencoded": [
								{
									"key": "title",
									"value": "兔子",
									"type": "text",
									"disabled": true
								},
								{
									"key": "sort",
									"value": "play_count",
									"description": "online_time",
									"type": "text"
								},
								{
									"key": "type_id",
									"value": "2",
									"type": "text"
								},
								{
									"key": "special_id",
									"value": "1",
									"type": "text",
									"disabled": true
								},
								{
									"key": "page",
									"value": "2",
									"type": "text",
									"disabled": true
								}
							]
						},
						"url": {
							"raw": "{{host}}/api/video/list",
							"host": [
								"{{host}}"
							],
							"path": [
								"api",
								"video",
								"list"
							]
						}
					},
					"response": []
				},
				{
					"name": "视频类型列表",
					"request": {
						"method": "POST",
						"header": [
							{
								"key": "Content-Type",
								"value": "application/x-www-form-urlencoded",
								"type": "text"
							},
							{
								"key": "Accept",
								"value": "application/json",
								"type": "text"
							},
							{
								"key": "Authorization",
								"value": "Bearer 2c60e34af23624dc7d278f193b7f70c4 1095d30442ea744d0.57056454",
								"type": "text"
							}
						],
						"body": {
							"mode": "raw",
							"raw": ""
						},
						"url": {
							"raw": "{{host}}/api/video/type-list",
							"host": [
								"{{host}}"
							],
							"path": [
								"api",
								"video",
								"type-list"
							]
						}
					},
					"response": []
				},
				{
					"name": "视频分类\b列表流-带广告",
					"request": {
						"method": "POST",
						"header": [
							{
								"key": "Content-Type",
								"name": "Content-Type",
								"value": "application/x-www-form-urlencoded",
								"type": "text"
							},
							{
								"key": "Accept",
								"value": "application/json",
								"type": "text"
							},
							{
								"key": "Authorization",
								"value": "Bearer 3b887b70fa05bdbdf851ee1a1db739c5 1395d3bfa6751c9c4.32124828",
								"type": "text"
							}
						],
						"body": {
							"mode": "urlencoded",
							"urlencoded": [
								{
									"key": "sort",
									"value": "play_count",
									"type": "text",
									"disabled": true
								},
								{
									"key": "type_id",
									"value": "99",
									"type": "text",
									"disabled": true
								},
								{
									"key": "page",
									"value": "1",
									"type": "text",
									"disabled": true
								},
								{
									"key": "limit",
									"value": "20",
									"type": "text"
								}
							]
						},
						"url": {
							"raw": "{{host}}/api/video/video-ad-list",
							"host": [
								"{{host}}"
							],
							"path": [
								"api",
								"video",
								"video-ad-list"
							]
						}
					},
					"response": []
				},
				{
					"name": "视频播放线路-保存",
					"request": {
						"method": "POST",
						"header": [
							{
								"key": "Content-Type",
								"name": "Content-Type",
								"value": "application/x-www-form-urlencoded",
								"type": "text"
							},
							{
								"key": "Accept",
								"value": "application/json",
								"type": "text"
							},
							{
								"key": "Authorization",
								"value": "Bearer 2c60e34af23624dc7d278f193b7f70c4 1095d30442ea744d0.57056454",
								"type": "text"
							}
						],
						"body": {
							"mode": "urlencoded",
							"urlencoded": [
								{
									"key": "key",
									"value": "OUTLINE",
									"type": "text"
								}
							]
						},
						"url": {
							"raw": "{{host}}/api/video/channel-save",
							"host": [
								"{{host}}"
							],
							"path": [
								"api",
								"video",
								"channel-save"
							]
						}
					},
					"response": []
				},
				{
					"name": "\b播放线路列表",
					"request": {
						"method": "POST",
						"header": [
							{
								"key": "Content-Type",
								"value": "application/x-www-form-urlencoded",
								"type": "text"
							},
							{
								"key": "Accept",
								"value": "application/json",
								"type": "text"
							},
							{
								"key": "Authorization",
								"value": "Bearer 2c60e34af23624dc7d278f193b7f70c4 1095d30442ea744d0.57056454",
								"type": "text"
							}
						],
						"body": {
							"mode": "raw",
							"raw": ""
						},
						"url": {
							"raw": "{{host}}/api/video/channel-list",
							"host": [
								"{{host}}"
							],
							"path": [
								"api",
								"video",
								"channel-list"
							]
						}
					},
					"response": []
				},
				{
					"name": "视频-猜你喜欢",
					"request": {
						"method": "POST",
						"header": [
							{
								"key": "Content-Type",
								"name": "Content-Type",
								"value": "application/x-www-form-urlencoded",
								"type": "text"
							},
							{
								"key": "Accept",
								"value": "application/json",
								"type": "text"
							},
							{
								"key": "Authorization",
								"value": "Bearer 2c60e34af23624dc7d278f193b7f70c4 1095d30442ea744d0.57056454",
								"type": "text"
							}
						],
						"body": {
							"mode": "urlencoded",
							"urlencoded": [
								{
									"key": "video_id",
									"value": "31",
									"type": "text"
								}
							]
						},
						"url": {
							"raw": "{{host}}/api/video/guess-like",
							"host": [
								"{{host}}"
							],
							"path": [
								"api",
								"video",
								"guess-like"
							]
						}
					},
					"response": []
				},
				{
					"name": "视频模块首页",
					"request": {
						"method": "POST",
						"header": [
							{
								"key": "Content-Type",
								"value": "application/x-www-form-urlencoded",
								"type": "text"
							},
							{
								"key": "Accept",
								"value": "application/json",
								"type": "text"
							},
							{
								"key": "Authorization",
								"value": "Bearer 8ff125e9cb4e01a0e43280101b92179e 155d73fa8917eab5.66126313",
								"type": "text"
							}
						],
						"body": {
							"mode": "raw",
							"raw": ""
						},
						"url": {
							"raw": "{{host}}/api/video/home",
							"host": [
								"{{host}}"
							],
							"path": [
								"api",
								"video",
								"home"
							]
						}
					},
					"response": []
				},
				{
					"name": "首页-更多",
					"request": {
						"method": "POST",
						"header": [
							{
								"key": "Content-Type",
								"name": "Content-Type",
								"value": "application/x-www-form-urlencoded",
								"type": "text"
							},
							{
								"key": "Accept",
								"value": "application/json",
								"type": "text"
							},
							{
								"key": "Authorization",
								"value": "Bearer 2c60e34af23624dc7d278f193b7f70c4 1095d30442ea744d0.57056454",
								"type": "text"
							}
						],
						"body": {
							"mode": "urlencoded",
							"urlencoded": [
								{
									"key": "module_id",
									"value": "2",
									"type": "text"
								},
								{
									"key": "limit",
									"value": "3",
									"type": "text"
								},
								{
									"key": "page",
									"value": "1",
									"type": "text"
								}
							]
						},
						"url": {
							"raw": "{{host}}/api/video/home-more",
							"host": [
								"{{host}}"
							],
							"path": [
								"api",
								"video",
								"home-more"
							]
						}
					},
					"response": []
				},
				{
					"name": "观影历史-删除",
					"request": {
						"method": "POST",
						"header": [
							{
								"key": "Content-Type",
								"value": "application/x-www-form-urlencoded",
								"type": "text"
							},
							{
								"key": "Accept",
								"value": "application/json",
								"type": "text"
							},
							{
								"key": "Authorization",
								"value": "Bearer 2c60e34af23624dc7d278f193b7f70c4 1095d30442ea744d0.57056454",
								"type": "text"
							}
						],
						"body": {
							"mode": "urlencoded",
							"urlencoded": [
								{
									"key": "video_id",
									"value": "[\"3\"]",
									"type": "text"
								}
							]
						},
						"url": {
							"raw": "{{host}}/api/video/history-cancel",
							"host": [
								"{{host}}"
							],
							"path": [
								"api",
								"video",
								"history-cancel"
							]
						}
					},
					"response": []
				},
				{
					"name": "视频详情-广告信息及跳转链接",
					"request": {
						"method": "POST",
						"header": [
							{
								"key": "Content-Type",
								"name": "Content-Type",
								"value": "application/x-www-form-urlencoded",
								"type": "text"
							},
							{
								"key": "Accept",
								"value": "application/json",
								"type": "text"
							},
							{
								"key": "Authorization",
								"value": "Bearer 2c60e34af23624dc7d278f193b7f70c4 1095d30442ea744d0.57056454",
								"type": "text"
							}
						],
						"url": {
							"raw": "{{host}}/api/common/vip-ad-info",
							"host": [
								"{{host}}"
							],
							"path": [
								"api",
								"common",
								"vip-ad-info"
							]
						}
					},
					"response": []
				},
				{
					"name": "视频-收藏列表",
					"request": {
						"method": "POST",
						"header": [
							{
								"key": "Content-Type",
								"value": "application/x-www-form-urlencoded",
								"type": "text"
							},
							{
								"key": "Accept",
								"value": "application/json",
								"type": "text"
							},
							{
								"key": "Authorization",
								"value": "Bearer 2c60e34af23624dc7d278f193b7f70c4 1095d30442ea744d0.57056454",
								"type": "text"
							}
						],
						"body": {
							"mode": "raw",
							"raw": ""
						},
						"url": {
							"raw": "{{host}}/api/video/collect-list",
							"host": [
								"{{host}}"
							],
							"path": [
								"api",
								"video",
								"collect-list"
							]
						}
					},
					"response": []
				},
				{
					"name": "视频-观看历史",
					"request": {
						"method": "POST",
						"header": [
							{
								"key": "Content-Type",
								"name": "Content-Type",
								"value": "application/x-www-form-urlencoded",
								"type": "text"
							},
							{
								"key": "Accept",
								"value": "application/json",
								"type": "text"
							},
							{
								"key": "Authorization",
								"value": "Bearer 2c60e34af23624dc7d278f193b7f70c4 1095d30442ea744d0.57056454",
								"type": "text"
							}
						],
						"body": {
							"mode": "urlencoded",
							"urlencoded": [
								{
									"key": "limit",
									"value": "2",
									"type": "text"
								}
							]
						},
						"url": {
							"raw": "{{host}}/api/video/history",
							"host": [
								"{{host}}"
							],
							"path": [
								"api",
								"video",
								"history"
							]
						}
					},
					"response": []
				},
				{
					"name": "视频-取消收藏",
					"request": {
						"method": "POST",
						"header": [
							{
								"key": "Content-Type",
								"name": "Content-Type",
								"value": "application/x-www-form-urlencoded",
								"type": "text"
							},
							{
								"key": "Accept",
								"value": "application/json",
								"type": "text"
							},
							{
								"key": "Authorization",
								"value": "Bearer 2c60e34af23624dc7d278f193b7f70c4 1095d30442ea744d0.57056454",
								"type": "text"
							}
						],
						"body": {
							"mode": "urlencoded",
							"urlencoded": [
								{
									"key": "video_id",
									"value": "[\"3\"]",
									"type": "text"
								}
							]
						},
						"url": {
							"raw": "{{host}}/api/video/collect-cancel",
							"host": [
								"{{host}}"
							],
							"path": [
								"api",
								"video",
								"collect-cancel"
							]
						}
					},
					"response": []
				},
				{
					"name": "视频-添加收藏",
					"request": {
						"method": "POST",
						"header": [
							{
								"key": "Content-Type",
								"name": "Content-Type",
								"value": "application/x-www-form-urlencoded",
								"type": "text"
							},
							{
								"key": "Accept",
								"value": "application/json",
								"type": "text"
							},
							{
								"key": "Authorization",
								"value": "Bearer 2c60e34af23624dc7d278f193b7f70c4 1095d30442ea744d0.57056454",
								"type": "text"
							}
						],
						"body": {
							"mode": "urlencoded",
							"urlencoded": [
								{
									"key": "video_id",
									"value": "3",
									"type": "text"
								}
							]
						},
						"url": {
							"raw": "{{host}}/api/video/collect-add",
							"host": [
								"{{host}}"
							],
							"path": [
								"api",
								"video",
								"collect-add"
							]
						}
					},
					"response": []
				},
				{
					"name": "视频-详情",
					"request": {
						"method": "POST",
						"header": [
							{
								"key": "Content-Type",
								"name": "Content-Type",
								"value": "application/x-www-form-urlencoded",
								"type": "text"
							},
							{
								"key": "Accept",
								"value": "application/json",
								"type": "text"
							},
							{
								"key": "Authorization",
								"value": "Bearer 3b887b70fa05bdbdf851ee1a1db739c5 1395d3bfa6751c9c4.32124828",
								"type": "text"
							}
						],
						"body": {
							"mode": "urlencoded",
							"urlencoded": [
								{
									"key": "video_id",
									"value": "2",
									"type": "text"
								}
							]
						},
						"url": {
							"raw": "{{host}}/api/video/info",
							"host": [
								"{{host}}"
							],
							"path": [
								"api",
								"video",
								"info"
							]
						}
					},
					"response": []
				},
				{
					"name": "视频-下载鉴权",
					"request": {
						"method": "POST",
						"header": [
							{
								"key": "Content-Type",
								"name": "Content-Type",
								"value": "application/x-www-form-urlencoded",
								"type": "text"
							},
							{
								"key": "Accept",
								"value": "application/json",
								"type": "text"
							},
							{
								"key": "Authorization",
								"value": "Bearer 2c60e34af23624dc7d278f193b7f70c4 1095d30442ea744d0.57056454",
								"type": "text"
							}
						],
						"body": {
							"mode": "urlencoded",
							"urlencoded": [
								{
									"key": "video_id",
									"value": "3",
									"type": "text"
								}
							]
						},
						"url": {
							"raw": "{{host}}/api/video/download-auth",
							"host": [
								"{{host}}"
							],
							"path": [
								"api",
								"video",
								"download-auth"
							]
						}
					},
					"response": []
				},
				{
					"name": "广告\b列表筛选及获取",
					"request": {
						"method": "POST",
						"header": [
							{
								"key": "Content-Type",
								"name": "Content-Type",
								"value": "application/x-www-form-urlencoded",
								"type": "text"
							},
							{
								"key": "Accept",
								"value": "application/json",
								"type": "text"
							},
							{
								"key": "Authorization",
								"value": "Bearer 4af53951cc3fa50158d71a4d28ae00ac 1385d3bce58a60459.95464656",
								"type": "text"
							}
						],
						"body": {
							"mode": "urlencoded",
							"urlencoded": [
								{
									"key": "key",
									"value": "BANNER",
									"type": "text",
									"disabled": true
								},
								{
									"key": "limit",
									"value": "2",
									"type": "text",
									"disabled": true
								}
							]
						},
						"url": {
							"raw": "{{host}}/api/video/ad-list",
							"host": [
								"{{host}}"
							],
							"path": [
								"api",
								"video",
								"ad-list"
							]
						}
					},
					"response": []
				},
				{
					"name": "观影时间记录",
					"request": {
						"method": "POST",
						"header": [
							{
								"key": "Content-Type",
								"name": "Content-Type",
								"value": "application/x-www-form-urlencoded",
								"type": "text"
							},
							{
								"key": "Accept",
								"value": "application/json",
								"type": "text"
							},
							{
								"key": "Authorization",
								"value": "Bearer 2c60e34af23624dc7d278f193b7f70c4 1095d30442ea744d0.57056454",
								"type": "text"
							}
						],
						"body": {
							"mode": "urlencoded",
							"urlencoded": [
								{
									"key": "video_id",
									"value": "3",
									"type": "text"
								},
								{
									"key": "t",
									"value": "30",
									"type": "text"
								}
							]
						},
						"url": {
							"raw": "{{host}}/api/video/view-time",
							"host": [
								"{{host}}"
							],
							"path": [
								"api",
								"video",
								"view-time"
							]
						}
					},
					"response": []
				}
			]
		}
	],
	"event": [
		{
			"listen": "prerequest",
			"script": {
				"id": "c4ed6671-2cbf-486d-aba1-39dc3c8454d6",
				"type": "text/javascript",
				"exec": [
					""
				]
			}
		},
		{
			"listen": "test",
			"script": {
				"id": "8ff91657-2681-4f79-8ffb-558b6e86e2a1",
				"type": "text/javascript",
				"exec": [
					""
				]
			}
		}
	]
}